X.SampleID	1	2	3	4	5	6
11116.I22A105.1197160	0.1006751	-0.20249762	-0.504608	-0.38289487	0.20028302	0.3016624
11116.L31A077.1195601	-0.18537423	-0.40450883	0.4923587	-0.417758	0.18304376	0.024660295
11116.I20A099.1197508	-0.08221838	-0.11672224	-0.3370825	-0.53990537	0.15641259	0.37983966
11116.I21A074.1195716	0.34224	-0.094292894	0.2728458	0.3058028	0.4097143	-0.20000197
11116.A22C088.1195279	-0.08740062	0.09185402	-0.46889278	-0.5965657	0.038703285	0.44737774
11116.A27B076.1194341	-0.09957804	0.3552411	0.39557892	-0.44996098	-0.03247549	0.14671394
11116.A26A064.1198133	-0.5934851	0.5744545	-0.061794184	0.12028543	-0.23386109	-0.5095726
11116.L03A079.1197750	0.21374561	-0.35771358	0.2548935	-0.49006623	0.093191564	0.08860284
11116.I10A085.1197118	0.08991055	-0.24442552	-0.18730848	-0.29470927	0.35163242	0.06614866
11116.I32A118.1193922	0.20153534	-0.3368613	-0.28940758	-0.46232602	0.01261777	0.38766876
11116.U443A61.1194453	0.2586601	-0.2149076	-0.50553906	-0.16718805	0.20358123	0.077121496
11116.A14D079.1198268	0.07377419	0.35472167	0.13559616	-0.5137759	-0.021045588	0.19943102
11116.A20A082.1197310	-0.08863501	0.17687528	-0.10366026	-0.6795461	-0.02136372	0.35923913
11116.I26A097.1197987	-0.08402037	-0.16813558	-0.50391513	-0.46380714	0.19287217	0.3971089
11116.L28A067.1197409	-0.041296255	-0.39171028	0.1533446	-0.36888632	-0.034353442	0.057120387
11116.L03A065.1193914	-0.6755105	-0.49269882	0.052564662	-0.03195618	0.085922636	-0.52898705
11116.A16A067.1194201	-0.09047438	0.14586847	-0.024353076	-0.32773048	-0.15350842	0.1987454
11116.I08A120.1194488	0.30841133	-0.21764593	-0.29592106	-0.47171792	-0.029888814	0.44005683
11116.I08A081.1197521	0.3391835	-0.0854385	0.16549009	0.0039359774	0.38798037	-0.043206118
11116.I21A077.1194016	0.29106662	-0.17180963	0.32028648	0.19384603	0.35574657	-0.22959504
11116.A15C103.1197053	0.08213615	0.0914105	-0.52406687	-0.47203106	0.10370581	0.4349943
11116.L09A091.1197835	-0.0028428657	-0.1706478	-0.3794704	-0.48939446	0.043328375	0.1673127
11116.L14A071.1198467	0.08415639	-0.40135896	0.48268998	-0.37515944	0.13782217	0.08398843
11116.L02A104.1194752	0.122318305	-0.15473136	-0.43385476	-0.40171984	0.055498503	0.23597099
11116.C24A66.1193605	0.059926733	-0.23968899	-0.34184632	-0.4169745	0.069434166	-0.0048403656
11116.A23A091.1194129	0.076391056	0.009276749	-0.47039425	-0.5616768	0.1256651	0.44334424
11116.A23B070.1197945	-0.072102994	0.59609133	0.31615284	-0.45618874	-0.25318113	0.28822917
11116.I23A068.1196368	0.29101533	-0.49892342	0.082192615	0.23244569	0.3544823	-0.0523204
11116.I10A118.1196783	0.3352885	-0.26407236	-0.36567232	-0.40816078	0.03751756	0.43772554
11116.I30A085.1197727	0.042478252	-0.21365708	-0.25898477	-0.46758807	0.28200573	0.17993364
11116.A07B088.1194377	-0.11433095	0.052469656	-0.48811993	-0.56951505	0.07752406	0.40886545
11116.L12A073.1198323	0.23010527	-0.22461241	0.23307258	-0.4395642	0.08799184	0.26264688
11116.A11C064.1194809	-0.5987655	0.26224944	-0.119866036	-0.048562672	-0.23192687	-0.396173
11116.L24A085.1195747	-0.029497823	-0.25734863	-0.378015	-0.5456555	0.08292049	0.25799468
11116.A33B076.1195540	-0.07643994	0.3234437	0.352757	-0.4385304	-0.108492054	0.18642801
11116.I25A101.1195039	0.054232676	-0.18662106	-0.42479074	-0.49740446	0.19352145	0.3791804
11116.I23A086.1197611	0.040985435	-0.30500153	-0.24848613	-0.49755594	0.3468888	0.27199352
11116.A09D070.1194025	0.09451492	0.61865145	0.20215487	-0.58027685	-0.34620783	0.41837654
11116.A08B067.1197781	-0.059257675	0.28298533	0.21121314	-0.5800266	-0.3807443	0.21762304
11116.I21A091.1197157	0.20713386	-0.093494534	-0.38459605	-0.30020878	0.30266404	0.20673667
11116.L19A077.1194622	-0.14556535	-0.31561053	0.3811986	-0.27786073	0.1260799	-0.14147991
11116.I21A067.1194676	0.26803046	-0.3552311	0.06030239	0.35409692	0.31070635	-0.30230013
11116.I12A094.1194780	0.04815521	-0.16728155	-0.40855536	-0.43526068	0.2931948	0.28531787
11116.A25A070.1197213	-0.045704834	0.4660832	0.51042193	-0.48384014	-0.09945998	0.19581294
11116.L02A100.1198181	0.21152209	-0.14086469	-0.48349756	-0.52676934	-0.16962293	0.47202381
11116.A25B076.1193837	-0.14141162	0.3387372	0.41899312	-0.42638263	0.011801226	0.0626323
11116.I01A075.1194975	0.00976959	-0.047527548	0.37971762	0.19747831	0.42773047	-0.23455161
11116.I26A074.1194972	0.14638445	-0.18827727	0.42030117	0.115321755	0.5458947	-0.13363844
11116.I24A099.1194482	0.013275289	-0.02723488	-0.40908208	-0.4385806	0.1754929	0.32249576
11116.L07A065.1196881	-0.2819232	-0.48660418	0.037495688	0.11922356	-0.06176812	-0.5038394
11116.A09C064.1193798	-0.60827565	0.49594313	-0.036895197	0.063141815	-0.2356762	-0.54669386
11116.A05A088.1196516	-0.104755215	0.0757335	-0.43135935	-0.6218586	-0.0151164215	0.39554992
11116.L30A100.1195675	0.0042896	-0.2996943	-0.46503943	-0.45541036	-0.020147936	0.38707125
11116.L25A066.1194296	-0.3012904	-0.49969104	0.16537063	0.055014472	-0.10257764	-0.5609758
11116.A14B073.1195558	-0.10450871	0.33595756	0.2986792	-0.35186422	0.014876127	0.1240167
11116.A12B085.1198210	0.057141032	0.09022751	-0.3652113	-0.60031295	0.034116425	0.40224245
11116.A02B073.1196026	0.08581517	0.4327595	0.27220365	-0.41758037	-0.12008846	0.2446226
11116.I27A068.1193675	0.26768	-0.49144486	0.10593077	0.1689568	0.31947795	-0.013088372
11116.I09A083.1196037	0.13633	-0.2195189	-0.14116101	-0.380637	0.39358655	0.1463664
11116.A29A082.1193821	0.037807174	0.057835627	-0.23431857	-0.6542576	0.027883776	0.40037334
11116.L06A065.1195531	-0.4355893	-0.618976	0.22717778	-0.18441536	-0.051863585	-0.48119846
11116.L29A086.1194563	-0.024059089	-0.28911355	-0.35769004	-0.5420642	0.11684787	0.27846727
11116.L22A068.1193738	-0.058468655	-0.44273424	0.09556108	-0.29653293	0.05098899	0.09791164
11116.I13A087.1193694	0.034802426	-0.27001584	-0.3075711	-0.41879153	0.39016736	0.2256215
11116.L25A079.1194278	0.30061865	-0.19157507	0.27901253	-0.48417833	0.0132482	0.06816353
11116.I23A090.1195576	-0.044320345	-0.22839768	-0.33181757	-0.4736783	0.29827568	0.27658042
11116.A06B070.1198022	0.0023583279	0.3505694	0.40175232	-0.477653	-0.10265272	0.2657841
11116.A29B079.1195428	0.19803588	0.3232287	0.21512787	-0.55001575	-0.017793417	0.21411422
11116.L18A101.1195895	-0.12370352	-0.20393474	-0.5096798	-0.43157843	0.029834826	0.5033301
11116.L28A102.1196533	0.26069987	-0.3329432	-0.39658523	-0.5344949	-0.05637675	0.4213002
11116.L07A070.1198122	0.30658513	-0.22108145	0.45068324	-0.3401804	0.014272193	0.14011313
11116.I26A081.1194014	0.17222802	-0.104325965	0.25466254	-0.06947188	0.53007275	-0.1397108
11116.I12A102.1198027	0.07562839	-0.08071388	-0.56278145	-0.40056118	0.08442299	0.5265595
11116.L31A090.1196724	-0.059954856	-0.23005567	-0.41597497	-0.48793244	0.10722831	0.25433365
11116.I24A118.1197344	0.35082954	-0.18290123	-0.26080495	-0.48416924	-0.0542502	0.46305186
11116.A21B067.1197361	-0.040835727	0.3682895	0.30067515	-0.5849365	-0.38579643	0.117749244
11116.I07A085.1198029	0.026817162	-0.2073167	-0.30557716	-0.43120402	0.33631378	0.18977535
11116.I31A103.1197001	0.07045902	-0.30441666	-0.4496863	-0.3469354	0.29305947	0.22739662
11116.A05A067.1197058	-0.026203547	0.2431391	0.18706532	-0.51744497	-0.3085287	0.19005929
11116.U473A61.1196997	0.32430217	-0.22297725	-0.5192196	-0.10542119	0.23720594	0.08718486
11116.C09A65.1194371	0.22947676	-0.13250087	-0.5187513	-0.20385276	0.18047792	0.14689948
11116.L07A077.1194039	-0.005162878	-0.20597692	0.35742518	-0.26287198	0.067544326	-0.0820511
11116.I05A076.1195402	0.16470966	-0.3347016	0.49564564	0.1450341	0.5044922	-0.30371708
11116.I07A104.1196389	-0.0015032428	-0.16872351	-0.4832432	-0.45840058	0.18026255	0.33975405
11116.A09D082.1195664	0.098531626	0.15865612	-0.18021686	-0.5768797	-0.0004576481	0.37943706
11116.L26A091.1197738	0.019406086	-0.18845838	-0.45197237	-0.4322382	0.12772587	0.19144273
11116.I10A105.1197184	0.087021425	-0.3025638	-0.41083157	-0.23815612	0.39738494	0.1586239
11116.I23A091.1194756	0.11421009	-0.22248499	-0.37102118	-0.41037107	0.34084412	0.2597635
11116.L24A102.1196562	0.1353384	-0.34314635	-0.44857463	-0.47310838	-0.0065431288	0.45249596
11116.L03A091.1196634	0.0043753698	-0.17370093	-0.45224485	-0.44393718	0.08537476	0.16938104
11116.L24A119.1195908	0.57843643	-0.29231516	-0.31468403	-0.4346813	-0.13352431	0.5479345
11116.L04A070.1195935	0.21497147	-0.3384581	0.5470231	-0.29179275	0.068014465	-0.08116462
11116.C12A63.1195641	0.090019606	-0.19412917	-0.4197459	-0.3329341	0.12846616	0.035973247
11116.I19A102.1197590	-0.017905615	-0.10260384	-0.55252135	-0.5134547	0.069458656	0.48145822
11116.L01A087.1197168	0.013557139	-0.24281043	-0.21765862	-0.57271224	-0.012531671	0.05433195
11116.L06A100.1194511	0.26069987	-0.3329432	-0.39658523	-0.5344949	-0.05637675	0.4213002
11116.U497A63.1195824	0.33105895	-0.19361371	-0.5266851	-0.106169514	0.24219736	0.12938611
11116.I25A119.1198455	0.23381528	-0.4314799	-0.35399976	-0.35750926	0.10344073	0.35259277
11116.A15D079.1195052	0.21790193	0.29626283	0.21931407	-0.5497334	-0.04924441	0.2193608
11116.I03A065.1194028	-0.3608903	-0.3746939	-0.022959018	0.43940774	0.29465073	-0.5802348
11116.L20A072.1197129	-0.010823124	-0.46864876	0.51988786	-0.46796137	0.19962761	0.1719644
11116.L25A090.1197313	-0.016487919	-0.16706835	-0.37090155	-0.45621556	0.071148135	0.10469226
11116.A27B082.1195286	-0.005030187	0.068126954	-0.30180633	-0.58467937	0.20135298	0.4278321
11116.I28A083.1196054	0.15197997	-0.25340268	-0.033619873	-0.43829307	0.28551674	0.09048621
11116.I29A120.1196473	0.22057626	-0.30191046	-0.285008	-0.4724332	-0.004261829	0.3978373
11116.L17A098.1196170	-0.0028730251	-0.14070356	-0.4451554	-0.4489701	0.033956103	0.26154318
11116.I06A086.1197790	0.013099814	-0.19452603	-0.19240086	-0.48356396	0.23232755	0.11607674
11116.A05B064.1196973	-0.5226475	0.47421658	-0.18145227	0.18728162	-0.20195356	-0.4126732
11116.L11A077.1194677	-0.2317182	-0.37181786	0.4140684	-0.31616646	0.1658718	-0.12808165
11116.L16A084.1196445	0.10640877	-0.2615001	-0.2649824	-0.5459902	0.047145758	0.22432123
11116.L10A091.1195007	0.007934134	-0.17979623	-0.45132762	-0.44129065	0.096478686	0.17810722
11116.L21A077.1193938	-0.042557713	-0.2061662	0.4782728	-0.21301736	0.083185986	-0.28552434
11116.I21A096.1193817	0.13387412	-0.051003918	-0.41844118	-0.3158964	0.28470975	0.20561342
11116.I13A078.1197328	0.22694372	-0.32226706	0.45433837	0.12326961	0.4456636	-0.14874515
11116.I18A099.1195841	-0.036184594	-0.19962792	-0.39461946	-0.38601807	0.2712977	0.23043159
11116.L23A094.1195030	0.062001906	-0.043769147	-0.5190652	-0.35266635	0.090890124	0.20699432
11116.I26A105.1194393	0.00661651	-0.13820992	-0.511011	-0.45556504	0.16514005	0.37222135
11116.L04A094.1196377	-0.052543297	-0.1706897	-0.313374	-0.522629	-0.008691527	0.01715307
11116.L32A101.1195365	0.2751893	-0.3267595	-0.4676151	-0.4833094	-0.0141437175	0.58055174
11116.A10D085.1193664	0.13323265	0.10226505	-0.36043847	-0.6000124	0.036185544	0.42885318
11116.I20A065.1197929	-0.24645469	-0.15292509	-0.019694619	0.42351514	0.20611283	-0.5607287
11116.I05A118.1194233	0.23208222	-0.4049391	-0.35307804	-0.3702793	0.087808795	0.338722
11116.L09A066.1196076	-0.5891886	-0.4637419	0.060420636	-0.3447079	-0.033461172	-0.25365984
11116.I19A098.1194505	-0.09636464	-0.15406369	-0.43703306	-0.5015338	0.16186008	0.33790907
11116.A06A076.1193863	-0.090574495	0.25042808	0.3452779	-0.4292611	-0.022275921	0.1294847
11116.U477A63.1197639	0.36528072	-0.21733882	-0.5310475	-0.06393448	0.2605344	0.10051208
11116.A21B097.1198404	-0.090541005	0.02853971	-0.5462648	-0.6012611	-0.025270581	0.49294794
11116.I09A071.1195898	0.2611379	-0.17942847	0.5569793	0.12993301	0.43386984	-0.16663413
11116.I20A086.1195931	0.1046568	-0.28873155	-0.19701986	-0.5319079	0.30441236	0.30684173
11116.A12C103.1196971	-0.11199982	0.002517814	-0.4785163	-0.61519015	0.037089277	0.49391955
11116.L03A068.1194466	-0.26183584	-0.5118573	0.110203	-0.4196081	0.13996102	0.17292187
11116.L27A118.1197503	0.47577408	-0.28592467	-0.28860897	-0.45899507	-0.09131966	0.46844855
11116.I07A081.1198376	0.19378985	-0.08495609	0.26183733	-0.11032341	0.4512389	-0.15686251
11116.I03A118.1195197	0.3120191	-0.27767423	-0.35850936	-0.41262156	0.038578726	0.42298573
11116.I26A093.1197054	0.12861925	-0.14142819	-0.44859695	-0.27268782	0.39435446	0.21779244
11116.I04A075.1196401	0.19632734	-0.27948293	0.47949177	0.13441862	0.5092639	-0.23758252
11116.L09A078.1195117	-0.0018317084	-0.27195093	0.43854684	-0.41350394	0.07808539	0.16775055
11116.I15A101.1196613	0.07377179	-0.23908068	-0.42822346	-0.5047737	0.06964589	0.3620024
11116.A05C064.1198397	-0.60063356	0.38692516	-0.03295284	0.076132365	-0.17907926	-0.57874125
11116.A04C091.1196238	0.05896844	0.123303376	-0.43658963	-0.58828104	-0.0070975013	0.37501353
11116.A25A067.1197747	-0.08175763	0.35563064	0.2655249	-0.6105224	-0.41636834	0.18737443
11116.A06B097.1197687	-0.107804954	-0.009158056	-0.49519515	-0.6008295	-0.0006561986	0.4401686
11116.A23D079.1196226	-0.23175193	0.46785304	0.18125395	-0.4536696	-0.0032095686	0.03052222
11116.I11A102.1196665	-0.047582217	-0.10264283	-0.5544336	-0.53805166	0.037873313	0.4798452
11116.I11A090.1195305	-0.031572454	-0.13269481	-0.34073114	-0.4394274	0.24005361	0.19344993
11116.A13B082.1195362	0.053527817	0.116501816	-0.1639289	-0.6180912	-0.009886632	0.37129563
11116.U471A62.1196833	0.29576188	-0.22226481	-0.5117656	-0.13427064	0.22036877	0.07986022
11116.C03A64.1195237	0.21965185	-0.18681948	-0.5018002	-0.20509106	0.18761612	0.10267669
11116.L29A076.1194613	-0.07777546	-0.2957077	0.45903122	-0.21404894	0.101731606	-0.28937495
11116.I16A118.1194530	0.25887772	-0.25812083	-0.28670773	-0.47633106	-0.019892836	0.4162715
11116.U533A61.1195011	0.2772546	-0.21946332	-0.5079946	-0.15167461	0.2107953	0.077178665
11116.L17A078.1196165	-0.08514761	-0.31889242	0.4472575	-0.24265797	0.098553136	-0.2360839
11116.L18A075.1195144	0.07300139	-0.32431763	0.38358018	-0.5059381	0.13614869	0.14176938
11116.I12A066.1193789	-0.21432015	-0.25114736	-0.09157282	0.59000254	0.31805143	-0.55792224
11116.L19A065.1197547	-0.43183753	-0.52380025	0.049203884	0.06560025	0.0013290596	-0.5131584
11116.A08B091.1196978	0.061961085	0.12822111	-0.49767494	-0.53556025	0.07218645	0.3971365
11116.I27A083.1194701	0.14708468	-0.28767002	-0.11873949	-0.41957653	0.34912017	0.14925088
11116.A04B103.1196185	-0.009908619	-0.018617174	-0.5301578	-0.55165714	0.02941383	0.41774383
11116.I16A077.1195837	0.13795853	-0.33331633	0.3867075	0.14751354	0.43425494	-0.20683083
11116.A02B091.1196657	0.035708375	0.17239435	-0.42130056	-0.5085523	0.052379243	0.33930856
11116.L21A086.1195385	0.02194919	-0.22478649	-0.2053955	-0.5498108	0.024704134	0.043518424
11116.I08A090.1195762	0.039382905	-0.118577056	-0.3385891	-0.38786286	0.25745332	0.19123879
11116.I30A076.1195645	0.118442364	-0.36819643	0.4094906	0.14208429	0.45409596	-0.21131861
11116.L01A084.1196740	0.0752541	-0.2198529	-0.3285166	-0.5915078	0.050542127	0.344502
11116.L02A070.1198254	0.16842577	-0.4061984	0.48714784	-0.48264968	0.111848265	0.30213588
11116.A13A088.1197187	-0.110917695	0.011721819	-0.49076506	-0.5589419	0.12564194	0.43692717
11116.A03D103.1196464	0.008066478	0.028964462	-0.51341414	-0.5318392	0.08186761	0.44262102
11116.I11A098.1197916	-0.071176015	-0.12699899	-0.42162842	-0.48292458	0.17636713	0.3229094
11116.L18A090.1197076	-0.045058887	-0.15384693	-0.416009	-0.5209203	0.07685676	0.30511245
11116.A20B079.1197216	0.21453072	0.4023796	0.05274209	-0.37746215	-0.010509852	0.2515695
11116.A33C088.1193662	-0.09494704	0.06713	-0.4512462	-0.59063226	0.029880205	0.3847157
11116.A03C088.1194163	-0.065569416	0.17819749	-0.39434865	-0.52246964	0.03260948	0.32735237
11116.L32A071.1194971	0.37082493	-0.14957081	0.3881863	-0.38193545	-0.024245398	0.2908951
11116.A09C088.1198172	-0.10973721	0.07611171	-0.48640952	-0.5775594	0.058151886	0.41642538
11116.I21A105.1195087	0.06876308	-0.14309943	-0.44294462	-0.3588938	0.28103065	0.27886796
11116.L08A075.1193955	0.3230102	-0.2353713	0.36551976	-0.2823359	0.10867104	0.023430409
11116.I16A079.1195414	0.27824822	-0.080952324	0.20712633	-0.07933566	0.37366554	-0.072203495
11116.I27A085.1193974	0.031467684	-0.21134965	-0.26514983	-0.4702372	0.28449866	0.17675878
11116.L05A102.1196776	0.2985317	-0.3238277	-0.4633819	-0.48959592	-0.019029466	0.59127146
11116.I11A118.1196696	0.24809997	-0.26875508	-0.28553158	-0.47624224	-0.016595138	0.41114798
11116.I03A068.1197322	0.084458575	-0.2484729	-0.019836066	0.32842568	0.33798867	-0.13130106
11116.A30C103.1194540	-0.03528451	0.0151250735	-0.5132257	-0.5650851	0.052156422	0.44758317
11116.L24A075.1196901	0.23217879	-0.33052626	0.31277466	-0.32724363	0.14506727	0.083942086
11116.A29B082.1197813	0.047067672	0.08992262	-0.1759296	-0.65723807	-0.004103969	0.3602914
11116.I03A076.1195434	0.30789697	-0.11511602	0.2918582	0.036354877	0.31833035	0.010832511
11116.L06A072.1195926	0.18758607	-0.3989749	0.528454	-0.32925552	0.09068391	-0.011649975
11116.I03A088.1198417	-0.02634675	-0.15214527	-0.27355787	-0.33742663	0.29530686	0.0931068
11116.L13A073.1195640	0.2656193	-0.37771764	0.42792633	-0.30748746	0.17049855	0.12368333
11116.L07A101.1198306	0.2839719	-0.3384015	-0.417114	-0.5148214	-0.02238877	0.5327866
11116.I11A087.1197988	0.059820775	-0.21602055	-0.2560871	-0.4575389	0.28454313	0.18412557
11116.I24A081.1195468	0.26389715	0.032017145	0.13129611	0.09977471	0.3751061	-0.120217904
11116.L16A090.1198014	-0.0359539	-0.15901844	-0.44307998	-0.4687498	0.047508784	0.1934194
11116.L26A069.1193710	-0.34185648	-0.53559595	0.13611685	-0.4661383	0.17402476	0.157365
11116.L28A063.1193929	-0.4304892	-0.4166418	0.1651543	-0.008756496	-0.11344429	-0.5287531
11116.L26A099.1193853	-0.05836078	-0.14781077	-0.37694448	-0.492288	0.03446603	0.1849746
11116.I28A074.1196331	0.21398239	-0.29534823	0.46778616	0.13715795	0.4809442	-0.22506583
11116.L11A084.1195839	0.065000564	-0.31630394	-0.23451862	-0.561925	0.077890225	0.24096777
11116.I08A074.1196264	0.267385	-0.14929116	0.31066445	0.27310306	0.43505356	-0.19751032
11116.L05A099.1196559	0.058359716	-0.08304795	-0.4935373	-0.38321394	0.06841448	0.2960825
11116.I27A064.1196337	-0.28481907	-0.35240108	-0.017744323	0.5536572	0.31809583	-0.6195502
11116.I32A077.1193681	0.12832688	-0.37506527	0.43854967	0.13623996	0.46584663	-0.2219329
11116.A03C073.1195952	0.12451527	0.4802381	0.24283084	-0.42261305	-0.15629731	0.2612931
11116.L31A083.1198378	0.07455592	-0.3798116	-0.1376318	-0.5274822	0.16599587	0.26041228
11116.L13A068.1195003	-0.23437081	-0.45788535	0.10668427	-0.53606266	0.05223676	0.2828846
11116.L08A100.1194310	0.31832492	-0.31912437	-0.35717627	-0.56476444	-0.044590328	0.5048218
11116.A29A094.1194132	0.029726354	0.10350215	-0.5076609	-0.5480798	0.04890368	0.3952864
11116.A18D091.1196873	0.14793952	0.004597095	-0.42314896	-0.59349066	0.1114378	0.4786989
11116.U505A61.1198401	0.32994455	-0.17524394	-0.5163209	-0.12080766	0.21572296	0.13349037
11116.I30A091.1197429	0.116659574	-0.11940465	-0.37569785	-0.39247692	0.27004993	0.1865617
11116.A22D070.1193862	-0.079165034	0.44528517	0.34599426	-0.46935043	-0.17164665	0.26973248
11116.A19D085.1198367	-0.042980604	0.073064655	-0.3311578	-0.65533847	-0.018962586	0.3716228
11116.L17A104.1196263	-0.009337063	-0.17578603	-0.34634233	-0.5218915	0.0062611364	0.19484723
11116.I09A079.1195993	0.25126764	-0.04517576	0.26242906	-0.15837839	0.43442088	-0.092906326
11116.L25A074.1193799	0.34111357	-0.18628398	0.3648984	-0.28001413	0.105173066	0.05085413
11116.L06A088.1196116	-0.09023436	-0.22123311	-0.29267648	-0.56774276	-0.031571697	0.077442266
11116.L30A085.1194785	-0.0004970728	-0.21384126	-0.3951312	-0.5333098	0.050445803	0.23090369
11116.A03D076.1195997	-0.12871681	0.34088224	0.2958056	-0.42740688	-0.10405077	0.11860862
11116.U513A62.1197593	0.03483405	-0.25353482	-0.3639058	-0.42648143	0.09921752	0.062310953
11116.A08C070.1196536	-0.028577957	0.53784907	0.2763926	-0.4903483	-0.25908145	0.23498176
11116.L15A092.1196951	-0.019570325	-0.2055721	-0.30886084	-0.5349046	-0.019631548	0.03595518
11116.A16A073.1194938	-0.071105145	0.37452587	0.27805042	-0.3351448	-0.013844248	0.12725687
11116.I29A065.1197249	-0.2923609	-0.36832467	-0.016312497	0.54001826	0.3160953	-0.61340266
11116.I05A084.1197927	0.16248585	-0.21411428	-0.0659832	-0.4296027	0.3103069	0.11868246
11116.A22C070.1193629	-0.014825001	0.41958526	0.53734106	-0.4525854	-0.039621882	0.13811892
11116.A12D082.1194724	-0.04658051	0.04113884	-0.19424081	-0.67407787	0.06493377	0.42457128
11116.L24A076.1197506	-0.16794844	-0.33046448	0.38716203	-0.28413466	0.13533424	-0.14440359
11116.A03B073.1198468	-0.03742979	0.4066804	0.26093182	-0.32147858	-0.034846928	0.12826458
11116.A13B091.1194772	0.025637014	0.15724654	-0.4176219	-0.5306959	0.040138327	0.34077808
11116.C30A62.1195065	0.08987993	-0.23618336	-0.36765668	-0.38890916	0.07817696	0.012348709
11116.A26D076.1194374	-0.0861368	0.46379438	0.31821707	-0.38569993	-0.18003228	-0.058870494
11116.I08A067.1198395	0.24604423	-0.40416214	0.053195063	0.31014666	0.3382198	-0.19100481
11116.A22D085.1194910	0.005410588	0.06269954	-0.3643381	-0.62606835	0.029920965	0.39744446
11116.I03A098.1197529	-0.022553012	-0.18913497	-0.39064115	-0.36009604	0.286302	0.2169305
11116.I18A066.1197035	-0.36743757	-0.39956084	-0.026328415	0.47295883	0.3317974	-0.58822995
11116.I09A086.1196667	0.034628306	-0.16330191	-0.3026637	-0.4312925	0.3138766	0.19289
11116.L07A075.1195488	0.33109406	-0.21134697	0.2787465	-0.31660312	0.09243401	0.13613054
11116.A10A082.1196965	0.07306588	0.13576855	-0.17158636	-0.5987403	-0.0040824222	0.3763186
11116.L12A095.1195179	0.062001906	-0.043769147	-0.5190652	-0.35266635	0.090890124	0.20699432
11116.A24B079.1196418	0.056855	0.35206518	0.14603736	-0.5214513	-0.011182783	0.18214917
11116.I21A098.1194147	0.013932503	-0.05172292	-0.4190479	-0.4063291	0.20404945	0.29337087
11116.I32A064.1197804	-0.2737964	-0.31192532	-0.014864569	0.57764935	0.31954822	-0.63565046
11116.I30A097.1196163	-0.08418887	-0.1397781	-0.4261742	-0.49316317	0.1696875	0.32847166
11116.A29A103.1194320	-0.04237499	0.015362125	-0.5142479	-0.5706832	0.04520548	0.44913217
11116.A03B070.1195321	-0.06061213	0.510535	0.29249147	-0.48700848	-0.23263194	0.25016043
11116.L13A095.1196416	-0.026408311	-0.15706737	-0.39728636	-0.46850184	0.030678561	0.10960932
11116.A21B079.1197864	0.15169838	0.35916567	0.18599492	-0.5209066	0.08729169	0.24647112
11116.I15A118.1197595	0.38039345	-0.17115927	-0.3162248	-0.45670295	-0.03712455	0.47644997
11116.A27C061.1197137	-0.6687774	0.60306007	-0.058403708	-0.028320061	-0.31498632	-0.38482448
11116.L03A089.1195062	-0.08059594	-0.20172364	-0.4290913	-0.4963974	0.06991366	0.22877899
11116.L11A091.1195922	0.005300382	-0.16322526	-0.4534849	-0.4444299	0.07070714	0.15621012
11116.L23A103.1197443	0.15555033	-0.06679575	-0.49243495	-0.34512493	0.08905886	0.30611804
11116.A21B118.1194094	0.19003302	-0.26365468	-0.38977352	-0.46028405	-0.028703587	0.4016617
11116.A09C118.1197337	0.16690108	-0.24501324	-0.3584708	-0.50264615	-0.0594293	0.42432806
11116.L05A084.1194795	0.17119548	-0.15446863	-0.36088666	-0.52395904	0.044309694	0.33481947
11116.A25A103.1197934	-0.036901664	0.06294019	-0.55808216	-0.57849544	-0.013520312	0.47104594
11116.I16A093.1194749	0.13101774	-0.11281311	-0.37395996	-0.38072523	0.2741908	0.1957398
11116.L19A104.1197272	0.097867124	-0.11373364	-0.4549451	-0.40855366	0.06584031	0.267763
11116.I15A097.1196443	0.04165395	-0.028909668	-0.42081606	-0.3775118	0.21105708	0.28144652
11116.L16A068.1194879	0.025353985	-0.40099627	0.09079236	-0.22540417	7.128342e-05	0.029439906
11116.L08A105.1196972	-0.010410379	-0.10953327	-0.3857788	-0.49149096	0.038167965	0.20837638
11116.A02D079.1197228	0.2742182	0.30181727	0.14991282	-0.4421965	-0.012375382	0.29267636
11116.L22A101.1197459	0.10807497	-0.33803704	-0.45247	-0.46828693	-0.0073363692	0.43819886
11116.L07A097.1194673	0.0018027105	-0.124617875	-0.4469259	-0.43903962	0.044911183	0.25130814
11116.A18C085.1196102	-0.038203347	0.045704536	-0.37901276	-0.6368422	0.03892276	0.39073008
11116.A21B064.1196858	-0.62710994	0.53612995	0.042397015	0.068277895	-0.19975348	-0.6334403
11116.A18A079.1194658	0.25728238	0.28734207	0.1696001	-0.47133487	-0.01988995	0.2806953
11116.L05A079.1196294	0.29362693	-0.14787443	0.06393089	-0.5346146	-0.020703519	0.23130819
11116.I21A102.1196305	0.025546141	-0.19859797	-0.46945336	-0.5238051	0.053613096	0.40118322
11116.A04C103.1196094	-0.011000069	-0.028645037	-0.52587736	-0.54845667	0.038917463	0.41243804
11116.L19A072.1196261	0.16426593	-0.35047406	0.4702864	-0.35653692	0.09517149	0.087849885
11116.I22A093.1194690	0.16350229	-0.087967	-0.3838032	-0.36669064	0.28167525	0.2293721
11116.L27A101.1196249	0.352011	-0.29994556	-0.38712877	-0.5537483	-0.051703554	0.5709687
11116.I01A080.1193986	-0.042807743	0.015047635	0.27160323	0.020894665	0.4214084	-0.28348264
11116.I29A089.1194492	-0.055287752	-0.14084613	-0.34899986	-0.45051143	0.23919521	0.19305183
11116.C30A63.1195805	0.08987993	-0.23618336	-0.36765668	-0.38890916	0.07817696	0.012348709
11116.A18C070.1194727	0.028933905	0.53055274	0.25489324	-0.55954486	-0.26209104	0.40370366
11116.L04A081.1194611	0.34315377	-0.27258053	0.3901119	-0.4958821	-0.035707302	-0.03221225
11116.C28A62.1194887	0.18118347	-0.17884667	-0.45778927	-0.27264276	0.14202072	0.100628495
11116.C05A63.1194497	0.08987993	-0.23618336	-0.36765668	-0.38890916	0.07817696	0.012348709
11116.I22A102.1198322	0.04444405	-0.22318676	-0.36607254	-0.5594438	0.20123686	0.337394
11116.L15A080.1193699	0.35403493	-0.31095624	0.37958816	-0.48866624	-0.030517695	-0.009166132
11116.A22C073.1195569	-0.05981389	0.2790637	0.39468715	-0.36474434	0.16162936	0.12238502
11116.I21A064.1197674	-0.32619312	-0.41148412	0.073740214	0.37655038	0.21195395	-0.66058415
11116.I19A093.1194585	0.11250686	-0.12491569	-0.38339427	-0.38903305	0.27557075	0.17966203
11116.I31A074.1194593	0.21398239	-0.29534823	0.46778616	0.13715795	0.4809442	-0.22506583
11116.I04A120.1198140	0.2294282	-0.39690515	-0.3497766	-0.37883887	0.08136913	0.3423696
11116.L17A061.1194845	-0.4304892	-0.4166418	0.1651543	-0.008756496	-0.11344429	-0.5287531
11116.A26C088.1195870	-0.1135151	0.05002955	-0.5258998	-0.5254994	0.15514766	0.45152494
11116.I15A068.1195376	0.28971145	-0.32317144	0.0681996	0.38468856	0.28941336	-0.37974873
11116.I31A066.1194004	-0.31710404	-0.40124986	0.017790562	0.5924727	0.39876044	-0.69320256
11116.L26A082.1197141	0.03330131	-0.3864263	-0.17740121	-0.57222545	0.15446842	0.26327354
11116.A14C097.1196350	-0.17336388	-0.0052017095	-0.5064993	-0.6199477	0.007910391	0.50570863
11116.U495A63.1196777	0.16523995	-0.26159218	-0.40334618	-0.32454115	0.11959185	0.03657967
11116.I03A085.1193647	0.05690042	-0.23613048	-0.18132624	-0.3408172	0.33038312	0.073604345
11116.I32A103.1195945	-0.001019835	-0.1887862	-0.46347526	-0.44852868	0.20714451	0.3181732
11116.A33A097.1194224	-0.11723912	0.02351095	-0.49849394	-0.60582674	-0.0024813397	0.46981287
11116.L32A076.1196174	0.061753657	-0.15132406	0.28899768	-0.30972877	0.0340891	0.08041306
11116.L14A082.1197190	0.076565504	-0.29944125	-0.24625613	-0.55956835	0.063787065	0.23378885
11116.L19A118.1197800	0.56862843	-0.29265547	-0.31116936	-0.43843636	-0.13100615	0.54042995
11116.A30C118.1195199	0.21053106	-0.14169505	-0.30091247	-0.55232614	-0.12120089	0.45433968
11116.A29C091.1195774	0.07377645	0.10344999	-0.4783211	-0.5477849	0.053753402	0.38159612
11116.L19A094.1196106	0.018882472	-0.10540772	-0.4758199	-0.39587975	0.064654104	0.135192
11116.I29A077.1197259	0.117877886	-0.37437734	0.41681227	0.14089715	0.4584867	-0.21390697
11116.L18A071.1194688	0.030749904	-0.30294955	0.50450736	-0.5117759	0.11643808	0.21337318
11116.L07A082.1196478	0.14053048	-0.21643251	-0.27949288	-0.5212399	0.051259782	0.23048915
11116.A18A076.1197394	-0.005542698	0.4386749	0.22813004	-0.50242895	-0.16576147	0.3192499
11116.L13A088.1194159	-0.11175348	-0.2088773	-0.3349685	-0.5575221	0.0012500539	0.17110953
11116.I10A101.1197188	0.22409928	-0.14394695	-0.53440344	-0.6428926	-0.0047707823	0.6210355
11116.I02A120.1195651	0.28247795	-0.23747908	-0.2904491	-0.474958	-0.025471661	0.42751986
11116.A04D091.1195890	0.06409589	0.12673709	-0.44252914	-0.58517617	-0.0013261465	0.38306904
11116.L16A102.1197559	0.18893738	-0.34824836	-0.43971875	-0.48463824	-0.007940009	0.48109466
11116.L20A089.1196367	-0.071475446	-0.22254425	-0.420381	-0.4922681	0.09658943	0.24785778
11116.I05A073.1195721	0.19079557	-0.26900405	0.4800334	0.13276611	0.51706296	-0.2347232
11116.I20A076.1194055	0.12676932	-0.07980646	0.44557396	0.11694126	0.2870845	-0.30404472
11116.L13A099.1195830	0.060685743	-0.08570491	-0.48789358	-0.3890927	0.059535272	0.32277256
11116.L10A064.1196041	-0.7128889	-0.46650842	0.044159777	-0.051818185	0.089991584	-0.536587
11116.A32C070.1197745	-0.058529664	0.4349192	0.37756428	-0.46485534	-0.15686432	0.2681942
11116.C04A63.1195219	0.15872252	-0.16058424	-0.48743108	-0.24902393	0.15928541	0.07895683
11116.L30A104.1198312	0.14668573	-0.13223934	-0.47182125	-0.36595124	0.082613096	0.2740814
11116.I16A083.1194553	0.19465075	-0.29631925	-0.11927551	-0.39466888	0.3432587	0.1741612
11116.L13A101.1195535	0.20989747	-0.19615206	-0.47093788	-0.5208505	-0.14331737	0.44648373
11116.I05A102.1196011	0.03319048	-0.17832258	-0.43103424	-0.61000323	0.12173683	0.40148866
11116.L26A089.1196178	-0.06048154	-0.2240561	-0.42396852	-0.48853788	0.110548854	0.25692773
11116.A33C103.1195078	-0.048849232	0.016542533	-0.5156766	-0.5758798	0.038079698	0.45097497
11116.L13A119.1196444	0.59126264	-0.25358576	-0.2913746	-0.44316885	-0.18783869	0.5373837
11116.L07A069.1194873	0.076561846	-0.34254208	0.08916277	-0.12334336	-0.05513827	-0.09239688
11116.I19A079.1197043	0.22223626	-0.07308414	0.25024202	-0.13074832	0.3866622	-0.13209212
11116.A17D103.1197812	-0.011039493	-0.056182224	-0.51284224	-0.5314611	0.07822695	0.3963139
11116.L11A069.1194228	-0.16228735	-0.48060095	0.102616124	-0.36175823	0.101271234	0.1459005
11116.I13A120.1195350	0.15993734	-0.39363414	-0.26804042	-0.4658112	0.034636114	0.39369923
11116.L11A086.1195419	0.024042707	-0.1901204	-0.40241417	-0.5190725	0.044335928	0.22135259
11116.A20C118.1193655	0.2723878	-0.16941169	-0.13928498	-0.5761023	-0.13458169	0.46856007
11116.A12A097.1196311	-0.14989188	-0.018142674	-0.4553844	-0.6181342	0.024930773	0.49643677
11116.A21A073.1196739	-0.04072278	0.5648514	0.22830988	-0.27240685	-0.122162394	0.012118431
11116.A17B091.1194148	0.03737692	0.11885398	-0.42014924	-0.58868754	-0.009922242	0.35383925
11116.I20A105.1195897	-0.05646097	-0.14688697	-0.37736118	-0.51944476	0.20029275	0.38682908
11116.I32A073.1196155	0.12653951	-0.24789034	0.4027115	0.17847583	0.50567305	-0.21335392
11116.L18A081.1198137	0.023100674	-0.31495196	0.2528575	-0.62383294	0.057211548	0.054643232
11116.A21B085.1193945	-0.058499753	0.109494425	-0.30210873	-0.6053893	0.010751991	0.3340314
11116.I29A075.1193749	0.13900875	-0.23965982	0.38622415	0.19888552	0.48907062	-0.21312746
