"sample_id"	"error_autoencoder"	"error_defaultpredictor"	"better_than_default"
"11116.L25A089.1197223"	"73.0118123882573"	"93.2423066288268"	"1"
"11116.I24A071.1194311"	"99.9966119870204"	"99.4337177589279"	"0"
"11116.I18A067.1196036"	"50.6360551922443"	"53.5757027128509"	"1"
"11116.A04C064.1194508"	"52.6961919726005"	"65.538602232375"	"1"
"11116.L31A082.1195061"	"60.3379770770839"	"81.032615393167"	"1"
"11116.I19A089.1193844"	"62.6972599411315"	"67.1265716700879"	"1"
"11116.L30A118.1194460"	"62.8800586747421"	"73.3613645584013"	"1"
"11116.I26A119.1197623"	"86.8282353491175"	"96.1460413653702"	"1"
"11116.L05A089.1196325"	"61.4754656251865"	"78.7343730383174"	"1"
"11116.C23A62.1195916"	"56.0641913353841"	"67.2424270229089"	"1"
"11116.C20A65.1197321"	"60.626683565022"	"66.7125069277133"	"1"
"11116.A09C070.1197773"	"59.3849181371522"	"66.1585564916289"	"1"
"11116.I21A082.1197047"	"57.3743211148337"	"61.713570116797"	"1"
"11116.I23A119.1193827"	"64.3444179107255"	"80.6155314057455"	"1"
"11116.A13C070.1193831"	"58.9067524215386"	"65.2371350853883"	"1"
"11116.L28A118.1198227"	"61.9247499564415"	"67.9852405202854"	"1"
"11116.A15A070.1195223"	"70.5351072024362"	"68.9288766692161"	"0"
"11116.A06B103.1194143"	"66.5764670729291"	"63.1375477000539"	"0"
"11116.A30B073.1196352"	"52.2892407862969"	"60.1600425233427"	"1"
"11116.I18A070.1196334"	"52.8647446904135"	"63.8330078215644"	"1"
"11116.A28A094.1197280"	"64.5896450223828"	"89.7107707304586"	"1"
"11116.C04A66.1196722"	"52.6324903765506"	"68.3480246761072"	"1"
"11116.A13D118.1194765"	"97.8802401746726"	"96.6057096891076"	"0"
"11116.A03D067.1196832"	"59.8149122798442"	"63.1722202041339"	"1"
"11116.A20A100.1195711"	"64.8329716021894"	"83.991820123705"	"1"
"11116.L30A103.1197277"	"63.7739754026297"	"81.3960032861394"	"1"
"11116.I25A083.1194592"	"73.6366118378093"	"84.5682540139876"	"1"
"11116.L13A080.1198400"	"64.9494447218335"	"73.4612674099214"	"1"
"11116.I09A100.1195709"	"80.5824135915844"	"93.4652186744306"	"1"
"11116.L18A076.1198454"	"52.0508421764147"	"53.7724514878341"	"1"
"11116.A19D091.1195275"	"63.1887481818216"	"90.2990104992031"	"1"
"11116.L29A065.1196335"	"53.6128783804411"	"68.7338631924253"	"1"
"11116.A02C118.1196692"	"92.1046733977393"	"91.9336830912631"	"0"
"11116.L03A118.1195904"	"64.8813416753678"	"81.1541514833583"	"1"
"11116.A21C061.1194100"	"51.5390042129071"	"66.9581633864274"	"1"
"11116.L25A084.1195344"	"63.8823177720969"	"68.6170899398169"	"1"
"11116.L30A082.1197831"	"64.2878815222543"	"86.4339198509709"	"1"
"11116.L30A099.1197692"	"78.4705107579803"	"95.5421812398833"	"1"
"11116.I20A074.1195932"	"70.223068644201"	"76.5235549850307"	"1"
"11116.L04A074.1196874"	"55.8039741141632"	"70.3986447392435"	"1"
"11116.A11D061.1193619"	"58.5758022249238"	"69.4462633093463"	"1"
"11116.A01B067.1195047"	"61.4043621615209"	"65.5339383359332"	"1"
"11116.A04C067.1194940"	"56.1849480773534"	"58.505920564326"	"1"
"11116.A09C067.1196948"	"55.231790515794"	"67.3152829295234"	"1"
"11116.L28A094.1196985"	"57.5028966629281"	"56.3915318069146"	"0"
"11116.L08A065.1197930"	"50.2962355741917"	"61.5665292665265"	"1"
"11116.I10A092.1195452"	"57.9252689926396"	"60.4351009163971"	"1"
"11116.A29D067.1196187"	"56.3376078078827"	"66.414712705413"	"1"
"11116.A08C118.1194327"	"69.0025754055895"	"73.642621295716"	"1"
"11116.L07A061.1195436"	"46.0368394634286"	"70.9135098003834"	"1"
"11116.A01A088.1194315"	"82.9468404239406"	"89.474310855633"	"1"
"11116.I04A100.1193982"	"74.5164703043916"	"94.9270779783491"	"1"
"11116.I26A101.1196839"	"77.419646678467"	"93.6213655663072"	"1"
"11116.I19A080.1197785"	"59.2211090544157"	"63.8276328976464"	"1"
"11116.L02A071.1196752"	"53.6899454852397"	"67.9118499712216"	"1"
"11116.A13D094.1194300"	"90.8287716627289"	"97.7978775462072"	"1"
"11116.L16A079.1196662"	"56.8861536919017"	"59.686076852344"	"1"
"11116.A25B070.1198037"	"62.3131488078399"	"65.453746694735"	"1"
"11116.A27D073.1194852"	"53.6733261726676"	"60.3793559373875"	"1"
"11116.L07A083.1198223"	"72.3244129388696"	"69.413038554255"	"0"
"11116.A24B091.1195509"	"94.3606369192354"	"98.4450775730111"	"1"
"11116.L09A079.1194491"	"61.5544564463147"	"64.3019194549828"	"1"
"11116.I13A095.1196466"	"80.8043392433403"	"96.2999710975673"	"1"
"11116.I13A094.1194043"	"78.953879000519"	"95.7042412350752"	"1"
"11116.A22A079.1195927"	"68.35541936529"	"75.0107935996195"	"1"
"11116.I22A088.1197908"	"59.8731787439735"	"84.5937625281135"	"1"
"11116.L16A099.1195764"	"57.320395650996"	"61.1244322732601"	"1"
"11116.I22A075.1194899"	"62.1329479000083"	"67.8779589928379"	"1"
"11116.A18B073.1195152"	"73.0414410445851"	"75.7054993935792"	"1"
"11116.I12A071.1195462"	"50.5307693244687"	"56.6374700171665"	"1"
"11116.L26A083.1197530"	"80.7471698841761"	"93.2651088031853"	"1"
"11116.I26A095.1194948"	"98.7553445795512"	"98.2131467405388"	"0"
"11116.A11C082.1195394"	"75.7573078353178"	"94.7361054880056"	"1"
"11116.L23A081.1196653"	"53.1786247573938"	"50.4993457958645"	"0"
"11116.L08A087.1193860"	"57.4491818496825"	"59.4865852657084"	"1"
"11116.I25A070.1196024"	"44.7391657080113"	"64.3358626358453"	"1"
"11116.I32A083.1195386"	"85.1051440243749"	"95.9148674100139"	"1"
"11116.A08C091.1193721"	"56.0496828969754"	"88.9018003601927"	"1"
"11116.L02A102.1194121"	"78.5329746546395"	"92.2432709346015"	"1"
"11116.A12D091.1194575"	"99.8600334416637"	"99.3332911456862"	"0"
"11116.I16A085.1198121"	"54.9577414235542"	"64.6786400758422"	"1"
"11116.A13D088.1195168"	"68.8042686838536"	"86.1824084409925"	"1"
"11116.L01A068.1196902"	"69.4586413689163"	"90.8085576228985"	"1"
"11116.C23A66.1195195"	"60.1574789811984"	"70.2495415477774"	"1"
"11116.A13B061.1197762"	"43.7480985526401"	"65.9631094829375"	"1"
"11116.I02A075.1193825"	"68.660964855787"	"68.6183291067573"	"0"
"11116.L09A071.1197632"	"59.7178628899467"	"58.5192278912488"	"0"
"11116.L20A076.1195804"	"54.4900357082279"	"57.1168741789092"	"1"
"11116.L12A091.1196946"	"88.8726571807441"	"96.4178743124108"	"1"
"11116.I14A082.1196637"	"77.1982892744517"	"94.402123353057"	"1"
"11116.L11A085.1196723"	"73.1113362946395"	"93.8749495185221"	"1"
"11116.L11A073.1196605"	"65.0617932289156"	"87.1841694235155"	"1"
"11116.C02A66.1194587"	"57.4318325150971"	"70.9390781024838"	"1"
"11116.A22A064.1194432"	"52.6237544119634"	"64.4570520910351"	"1"
"11116.L21A092.1194827"	"83.9446648391356"	"96.1640212184309"	"1"
"11116.L05A100.1195100"	"55.8973229323606"	"76.0712482172007"	"1"
"11116.A30C100.1194814"	"61.1232859583056"	"84.5774296786493"	"1"
"11116.I12A064.1195118"	"47.7661102274284"	"61.6701419913589"	"1"
"11116.A21D094.1196499"	"96.7039106807449"	"96.1844625554237"	"0"
"11116.A11C067.1195204"	"65.4652150242365"	"71.9439860011315"	"1"
"11116.L10A085.1195955"	"64.748610226611"	"70.9928030304609"	"1"
"11116.A08A067.1194627"	"63.4431702175248"	"61.6763043728429"	"0"
"11116.I03A086.1197424"	"53.4949660148043"	"65.8631159078075"	"1"
"11116.A10B100.1194097"	"64.3696963396267"	"88.070491615554"	"1"
"11116.I29A069.1196030"	"61.613141333474"	"63.2056766911507"	"1"
"11116.A17A064.1197512"	"54.6169058377052"	"61.9224403454938"	"1"
"11116.I06A100.1196458"	"68.5684671035242"	"92.6405214209788"	"1"
"11116.L26A097.1197857"	"71.9019632887032"	"91.1122629657835"	"1"
"11116.L11A099.1195801"	"84.7379973135777"	"96.1277070636217"	"1"
"11116.L25A099.1196313"	"61.4541424565349"	"79.2975791740027"	"1"
"11116.L26A063.1197356"	"42.4151787023094"	"66.8633085550052"	"1"
"11116.I02A074.1197086"	"75.7807162933176"	"73.7393010938718"	"0"
"11116.L10A118.1195848"	"61.1556796512724"	"62.1797736550412"	"1"
"11116.L03A099.1196429"	"58.6853739931698"	"64.6902145877116"	"1"
"11116.L04A090.1195693"	"66.6099275371372"	"89.5640253187317"	"1"
"11116.I08A068.1195051"	"48.8964064867847"	"59.9304019812397"	"1"
"11116.I32A076.1197330"	"66.6812773978855"	"69.1061587218635"	"1"
"11116.U455A63.1195546"	"78.1140524601824"	"83.028533982047"	"1"
"11116.A13B118.1196179"	"55.4751412218288"	"57.0100224588928"	"1"
"11116.A32A070.1197704"	"53.4882488003967"	"63.479236206772"	"1"
"11116.I28A089.1196330"	"73.6906519288543"	"94.1998014444525"	"1"
"11116.U533A63.1194455"	"71.4160338724077"	"77.2989144513454"	"1"
"11116.A27D085.1197162"	"80.9315664796614"	"94.9178975330629"	"1"
"11116.L13A076.1194101"	"52.0247159709243"	"65.3522721883082"	"1"
"11116.A29D079.1196506"	"63.0976321399955"	"69.4646238341311"	"1"
"11116.C07A62.1194479"	"55.5664657779562"	"58.6402905654303"	"1"
"11116.L32A119.1197668"	"80.2189284373068"	"92.8153883075757"	"1"
"11116.U537A61.1194570"	"69.6267823838518"	"75.5282340571781"	"1"
"11116.I25A076.1198162"	"55.3569475659186"	"62.3197516521345"	"1"
"11116.L31A105.1196644"	"88.1382960445937"	"96.2041473805139"	"1"
"11116.L16A067.1194071"	"51.6078645933756"	"53.5358103041255"	"1"
"11116.A04B082.1195342"	"77.1717314941197"	"90.8574701017418"	"1"
"11116.I02A103.1194589"	"77.5929486758237"	"94.7035091103192"	"1"
"11116.L28A105.1198460"	"58.0983780759758"	"78.9825738420826"	"1"
"11116.I32A097.1198342"	"67.8886218575582"	"90.125200271607"	"1"
"11116.I18A068.1194810"	"54.4884187290235"	"60.9635674286151"	"1"
"11116.A03D088.1195301"	"62.2889781923026"	"62.7490903283451"	"1"
"11116.A16C100.1196498"	"57.9896906705484"	"61.5260541028126"	"1"
"11116.L05A090.1196128"	"63.6159194756543"	"86.61624341363"	"1"
"11116.C24A65.1195459"	"60.6797496316927"	"68.8830206253992"	"1"
"11116.I21A120.1194632"	"68.1747710084124"	"86.7025382062261"	"1"
"11116.U429A63.1197292"	"74.267109011335"	"81.4593770312634"	"1"
"11116.A31A067.1194558"	"48.0526104952144"	"57.074629200313"	"1"
"11116.I30A077.1195572"	"51.4375205756445"	"59.1135446064726"	"1"
"11116.I26A076.1195545"	"48.357423649363"	"61.1936405631866"	"1"
"11116.A19B061.1196347"	"49.7323408448353"	"68.5503310798934"	"1"
"11116.I27A078.1198311"	"53.5788711310099"	"62.1199193038125"	"1"
"11116.U459A61.1197774"	"78.2979640370966"	"83.6446212437299"	"1"
"11116.L07A067.1195620"	"48.2287674604617"	"59.7335482617944"	"1"
"11116.C29A62.1193936"	"70.860547728346"	"86.5976827365764"	"1"
"11116.A09C079.1194858"	"56.064777552492"	"61.2479436118517"	"1"
"11116.L19A093.1194447"	"59.8876657544106"	"85.648322228359"	"1"
"11116.A26C103.1198173"	"74.8307265084968"	"95.0724500461222"	"1"
"11116.I24A100.1195757"	"70.1050248127953"	"92.304401876362"	"1"
"11116.A01A079.1197702"	"99.8613532374561"	"99.3343561420972"	"0"
"11116.L08A118.1194556"	"68.8045571242124"	"80.0868434057394"	"1"
"11116.L26A079.1197261"	"46.9711307360564"	"49.3023798540947"	"1"
"11116.A13B067.1197760"	"47.087707084896"	"62.9431680862018"	"1"
"11116.I28A086.1198352"	"57.5447116919382"	"57.8042268461402"	"1"
"11116.I04A070.1193609"	"59.3430002793699"	"59.0123248408391"	"0"
"11116.I07A078.1195055"	"54.6461636876867"	"59.3940868671828"	"1"
"11116.L17A067.1196425"	"49.456140358487"	"55.2381657641039"	"1"
"11116.I29A093.1197099"	"61.1366730686689"	"64.1385420440946"	"1"
"11116.L16A065.1197557"	"49.1454571426951"	"64.617674910178"	"1"
"11116.I32A092.1195104"	"60.1922356439121"	"65.527947084929"	"1"
"11116.I11A067.1197505"	"53.6689124834865"	"62.4460895107847"	"1"
"11116.L08A071.1195918"	"61.1269611717466"	"62.4119734131989"	"1"
"11116.A16B103.1194254"	"70.5870429558753"	"94.6934562251157"	"1"
"11116.L17A105.1195132"	"65.0749501134601"	"85.859400154222"	"1"
"11116.A03D091.1197286"	"87.2091746481556"	"97.4533931859455"	"1"
"11116.I06A092.1194358"	"75.1431171881017"	"83.3682777730271"	"1"
"11116.I23A072.1195187"	"59.508529669163"	"64.7774651936008"	"1"
"11116.A21C085.1194309"	"79.7093354714192"	"95.0377016582919"	"1"
"11116.L15A072.1197613"	"49.7483328989949"	"57.3884443985429"	"1"
"11116.L03A078.1195565"	"49.7985968552045"	"59.6079630482829"	"1"
"11116.A01D094.1194066"	"85.7289063423561"	"97.5661531466507"	"1"
"11116.C15A64.1195806"	"58.6898530072466"	"60.0036682093699"	"1"
"11116.I15A096.1194842"	"99.7403605632134"	"99.1926225842392"	"0"
"11116.L20A119.1193927"	"72.3052627106886"	"88.9461850353909"	"1"
"11116.A18C064.1194229"	"56.0799716103049"	"65.1332176324307"	"1"
"11116.A30C076.1196868"	"54.7202931011789"	"63.1227483516004"	"1"
"11116.I29A083.1196894"	"66.7741460315953"	"87.6704961051227"	"1"
"11116.I28A066.1196882"	"52.9289035262779"	"63.3020983741308"	"1"
"11116.I15A089.1195175"	"85.3557662580995"	"96.6525118912404"	"1"
"11116.C29A65.1197477"	"66.6497018221281"	"85.4096812076713"	"1"
"11116.L24A077.1198170"	"53.9326276669091"	"63.0516843075373"	"1"
"11116.A25C061.1197711"	"51.8342976744255"	"67.3550944670508"	"1"
"11116.A13A103.1197198"	"84.2162322165087"	"96.9376685741443"	"1"
"11116.L20A073.1197617"	"50.6436430175878"	"54.518454800257"	"1"
"11116.A24A118.1196233"	"56.8997261019255"	"63.3038512869411"	"1"
"11116.L32A104.1194325"	"77.5956789659143"	"81.1013920233738"	"1"
"11116.L31A068.1194808"	"70.796028410181"	"75.5169488095049"	"1"
"11116.U493A63.1195769"	"67.3105417530208"	"77.4287912920631"	"1"
"11116.A04A103.1197884"	"74.2362072303176"	"89.4505081307877"	"1"
"11116.L15A076.1198334"	"52.1251321011383"	"60.0110687942034"	"1"
"11116.I10A077.1194283"	"51.3836893843365"	"59.0046376628189"	"1"
"11116.L01A078.1194251"	"64.3667169796113"	"67.5430632132235"	"1"
"11116.L22A085.1195257"	"99.9917161933835"	"99.4376424389359"	"0"
"11116.A14C070.1196750"	"75.5427636378842"	"76.7010667215168"	"1"
"11116.I07A079.1196408"	"60.0793957003729"	"64.0709139965929"	"1"
"11116.A10A085.1197830"	"82.3578169489481"	"96.8078445641722"	"1"
"11116.A17C064.1196111"	"52.550314586409"	"61.8759601506927"	"1"
"11116.A08A076.1196197"	"50.7738484937388"	"62.1305805604814"	"1"
"11116.L31A104.1195618"	"90.3106622995375"	"97.807288129989"	"1"
"11116.L02A087.1197475"	"69.9067317785821"	"73.4726424226025"	"1"
"11116.A07A094.1196378"	"56.7646419083352"	"88.7091096587578"	"1"
"11116.A26B094.1193834"	"98.383510085654"	"96.4819082574601"	"0"
"11116.I12A072.1193771"	"57.4433983464749"	"67.5379772996376"	"1"
"11116.L24A081.1197179"	"58.815926005548"	"80.3955932642755"	"1"
"11116.A21D073.1197323"	"65.7821362687962"	"69.4613471936282"	"1"
"11116.A30B082.1196956"	"77.1306861197165"	"95.6463121348311"	"1"
"11116.I01A083.1195161"	"84.9416911501419"	"95.9170357347439"	"1"
"11116.I22A064.1194022"	"53.4267376280386"	"69.4376917886771"	"1"
"11116.A02C085.1194730"	"79.8070485835813"	"96.4377871140613"	"1"
"11116.I23A099.1197227"	"92.9365067370355"	"98.2057349087157"	"1"
"11116.I12A076.1196492"	"48.5931676711144"	"54.5312689457741"	"1"
"11116.U531A62.1195485"	"73.7433137817573"	"76.6484783244761"	"1"
"11116.C24A62.1196880"	"52.1714085432169"	"71.6089462865075"	"1"
"11116.A06D097.1193696"	"64.6610229977523"	"90.606489696418"	"1"
"11116.A20D073.1194892"	"58.4785444125714"	"63.6421397229"	"1"
"11116.A13A067.1196459"	"50.909029564006"	"59.2854254868646"	"1"
"11116.L31A066.1193685"	"51.8007671094486"	"60.9261244740525"	"1"
"11116.C29A64.1194106"	"76.0814631039543"	"81.6374289747152"	"1"
"11116.A31C061.1194253"	"57.8630279554398"	"69.0626890641161"	"1"
"11116.I19A120.1196295"	"60.2347858830807"	"78.5167987752584"	"1"
"11116.A17D100.1194051"	"64.8724224424105"	"85.9578431647006"	"1"
"11116.I20A092.1195928"	"59.8426442881451"	"74.9938064185342"	"1"
"11116.A19B091.1195048"	"86.2144913480558"	"96.4102350264197"	"1"
"11116.A14A103.1196486"	"69.4153359403535"	"92.7257400550013"	"1"
"11116.I16A087.1196438"	"63.8613297127465"	"69.1939387157225"	"1"
"11116.L28A071.1197602"	"51.1781279051327"	"54.8921507518608"	"1"
"11116.A03B088.1194929"	"71.5741377343935"	"94.0397602705438"	"1"
"11116.A13C103.1193774"	"70.0223830931034"	"93.891792955434"	"1"
"11116.I22A081.1194168"	"63.7504477562942"	"61.1255079949488"	"0"
"11116.A32A097.1198226"	"71.8295084854574"	"76.5198873475981"	"1"
"11116.L23A088.1195835"	"61.3660023694462"	"84.9097045681046"	"1"
"11116.L03A102.1195182"	"57.7882611381616"	"84.516050010501"	"1"
"11116.L06A093.1196509"	"92.5803908171697"	"98.1348100099212"	"1"
"11116.U433A61.1196528"	"78.2625910030312"	"83.9338777325922"	"1"
"11116.A04B094.1196153"	"99.8638415330747"	"99.3985757654841"	"0"
"11116.L23A085.1194063"	"56.3514549433667"	"74.1798472376155"	"1"
"11116.I06A085.1195325"	"61.8475822155974"	"73.7061657742164"	"1"
"11116.I27A088.1194008"	"98.8227180824324"	"98.5117883171873"	"0"
"11116.A08C103.1197978"	"79.2256047031958"	"95.9083433228436"	"1"
"11116.I27A070.1197764"	"49.8549373850709"	"60.4568964107715"	"1"
"11116.A24B103.1194349"	"55.1005859636338"	"84.6616487930486"	"1"
"11116.A23C100.1195215"	"58.2635269285451"	"61.3918993259797"	"1"
"11116.L31A089.1196229"	"59.750398808629"	"75.7285900250167"	"1"
"11116.I11A066.1194835"	"49.4437693320814"	"60.654615462162"	"1"
"11116.L23A075.1195736"	"99.8491514253455"	"99.2832807929278"	"0"
"11116.L15A068.1193705"	"53.8637807518622"	"57.103275102922"	"1"
"11116.L15A073.1197181"	"62.1852522681652"	"65.5254894638156"	"1"
"11116.A11B079.1194839"	"57.7668592741106"	"59.7519737750179"	"1"
"11116.L29A098.1196718"	"51.5627597101071"	"61.4999988143982"	"1"
"11116.L04A077.1195771"	"55.2131829724899"	"64.6220612704542"	"1"
"11116.A28C100.1198269"	"63.2947121990879"	"67.4108598518067"	"1"
"11116.A19D097.1193648"	"67.1306759325102"	"69.2696160117028"	"1"
"11116.I24A075.1197580"	"57.5630045439238"	"59.878616571462"	"1"
"11116.I02A105.1194391"	"82.7669088645619"	"95.3814027815628"	"1"
"11116.L24A074.1197435"	"50.4617817987432"	"64.8246875203255"	"1"
"11116.A07C064.1196370"	"45.832273234979"	"59.926391831803"	"1"
"11116.A20A064.1196745"	"52.467051373864"	"63.9293723000673"	"1"
"11116.I26A100.1195642"	"66.8312067195398"	"89.7156034957619"	"1"
"11116.I20A088.1194946"	"54.4330450100833"	"59.9638711243036"	"1"
"11116.I29A071.1194188"	"54.3726114785719"	"63.1598164456368"	"1"
"11116.A06C070.1198073"	"61.5296328262575"	"66.6219613919088"	"1"
"11116.I25A078.1195840"	"56.4449177147971"	"62.7707813614063"	"1"
"11116.L12A088.1198328"	"69.6147101977964"	"84.9597641082587"	"1"
"11116.L12A075.1198024"	"60.5011732863146"	"80.442926889992"	"1"
"11116.I31A091.1194068"	"66.0666999292633"	"76.0731530774613"	"1"
"11116.I22A084.1195814"	"58.648815399843"	"85.9006182815225"	"1"
"11116.I12A088.1194104"	"83.7449101343645"	"96.7093609320649"	"1"
"11116.L02A072.1197920"	"51.0824987962017"	"57.002241288983"	"1"
"11116.A13B097.1196336"	"58.9722035967864"	"83.4935974178355"	"1"
"11116.L26A096.1193868"	"73.4820828972206"	"94.3513581600304"	"1"
"11116.C17A63.1194384"	"58.8048919626872"	"72.0023198767956"	"1"
"11116.C20A63.1196225"	"59.035854177403"	"70.0007299593635"	"1"
"11116.L18A082.1197290"	"85.4918279159696"	"95.9465631645665"	"1"
"11116.I32A066.1194510"	"50.7258943550514"	"60.2144935140487"	"1"
"11116.I17A079.1197405"	"65.8918070332932"	"68.9836942922791"	"1"
"11116.U481A62.1194721"	"69.5691666851212"	"73.5437937352548"	"1"
"11116.I30A119.1198399"	"79.0730096826237"	"93.3517086669979"	"1"
"11116.A10C118.1196807"	"97.7489944174855"	"96.5469091702915"	"0"
"11116.A26D061.1195782"	"67.7916864364471"	"63.7927003580601"	"0"
"11116.A03A064.1197126"	"54.6453893490313"	"67.3525878059019"	"1"
"11116.L07A091.1193634"	"82.3479753919711"	"90.9923236450115"	"1"
"11116.A20A097.1196594"	"86.4028230526283"	"96.4466038771332"	"1"
"11116.I04A093.1194434"	"56.9911615200449"	"59.948586688903"	"1"
"11116.A27A097.1198391"	"77.9418176796893"	"95.9896173704616"	"1"
"11116.L09A070.1195977"	"57.7826780693574"	"58.1233365314024"	"1"
"11116.A33B085.1195876"	"75.4757014955948"	"95.923440783844"	"1"
"11116.L30A076.1195525"	"54.5373786001434"	"59.2933914526858"	"1"
"11116.I07A105.1198263"	"57.9046908482887"	"60.5381325692059"	"1"
"11116.A21D085.1195923"	"79.0205463636623"	"95.2981586039773"	"1"
"11116.A23B061.1196470"	"53.1356253589494"	"67.5783842097877"	"1"
"11116.C01A63.1193680"	"56.7550602436991"	"69.1237244970509"	"1"
"11116.A11C103.1194249"	"67.3501586463098"	"92.0263897740469"	"1"
"11116.I14A084.1197522"	"79.1175050850442"	"94.7463763539752"	"1"
"11116.I08A072.1196033"	"53.4120561266955"	"73.257306680354"	"1"
"11116.I14A077.1197787"	"71.1915157915179"	"74.1656471377962"	"1"
"11116.L27A074.1193651"	"58.9020778256827"	"64.5759077152969"	"1"
"11116.I22A073.1197341"	"58.8657720412748"	"64.7263061804092"	"1"
"11116.I30A074.1193750"	"50.5037187312801"	"66.444094099837"	"1"
"11116.U435A62.1195467"	"84.6691476112587"	"92.6326897153777"	"1"
"11116.A14A079.1194074"	"60.9520370258341"	"68.3205025626168"	"1"
"11116.A07D064.1194135"	"55.2610632999915"	"63.9484661370414"	"1"
"11116.A05C103.1195473"	"63.1111280219904"	"86.2112967947794"	"1"
"11116.I08A119.1196391"	"56.1695136334342"	"57.6927734505087"	"1"
"11116.A32A067.1194083"	"53.4642722719387"	"59.5829891527068"	"1"
"11116.A11B064.1198415"	"52.2488268805053"	"62.9052193125416"	"1"
"11116.A24C088.1198090"	"65.3867030869548"	"83.042998101029"	"1"
"11116.L20A082.1195818"	"55.7841491994389"	"68.3388237827752"	"1"
"11116.L17A096.1196475"	"58.4460916911588"	"85.5406950984852"	"1"
"11116.A04D118.1195984"	"63.0429940165689"	"88.2697815189303"	"1"
"11116.L08A064.1197568"	"49.8098651366093"	"60.8270956668349"	"1"
"11116.L25A072.1195598"	"64.0516949252795"	"66.564005248839"	"1"
"11116.A20C094.1197854"	"73.764592343359"	"94.5280483142393"	"1"
"11116.U463A62.1194993"	"69.8317442852521"	"77.1863554458929"	"1"
"11116.L23A095.1194973"	"67.8103002829139"	"91.5585322159291"	"1"
"11116.I23A074.1198190"	"62.8651108284689"	"68.4586417772441"	"1"
"11116.C14A61.1195834"	"54.605517126634"	"61.237675501792"	"1"
"11116.L26A103.1195813"	"62.0394339246601"	"66.4751669015792"	"1"
"11116.I01A076.1195276"	"51.3879625181219"	"61.912600825351"	"1"
"11116.I28A097.1196879"	"70.0555159044295"	"91.5787615067753"	"1"
"11116.L17A081.1195749"	"53.1604183433243"	"54.2644071376048"	"1"
"11116.I12A070.1196114"	"59.7854555069398"	"68.138972734344"	"1"
"11116.L29A080.1193650"	"52.8191688436891"	"68.5455019866698"	"1"
"11116.A15D073.1197000"	"53.6998957649112"	"59.2233690760699"	"1"
"11116.A11C091.1194621"	"74.5922698574154"	"93.9400500416478"	"1"
"11116.A24B088.1193960"	"66.0492618639878"	"88.8276361733605"	"1"
"11116.U435A61.1198414"	"78.4564673382294"	"82.5698877237646"	"1"
"11116.L07A119.1196262"	"84.5849291961002"	"95.5197969999239"	"1"
"11116.L07A086.1198089"	"59.1025048332224"	"64.9539762235256"	"1"
"11116.L24A065.1194664"	"51.5444311592763"	"57.7715267919641"	"1"
"11116.A01A091.1197573"	"79.6986154615671"	"94.9265503990504"	"1"
"11116.C17A62.1196532"	"53.6952866507146"	"73.6548855282873"	"1"
"11116.I13A075.1196568"	"65.8896884992538"	"67.098803749256"	"1"
"11116.I05A099.1194131"	"91.8038721950918"	"97.7842945111568"	"1"
"11116.I02A066.1197090"	"50.7653332891053"	"62.1236672684311"	"1"
"11116.A04A061.1194960"	"52.0623345703282"	"68.3081094341651"	"1"
"11116.L17A090.1197396"	"61.7849386498648"	"68.5698803805826"	"1"
"11116.A27D103.1196004"	"64.3363582707629"	"70.2800653877793"	"1"
"11116.A11A070.1194243"	"58.7279493304466"	"64.3004679628281"	"1"
"11116.A15B070.1196043"	"64.7116306229579"	"73.225170456527"	"1"
"11116.L21A098.1196674"	"78.6388136883232"	"83.581178564891"	"1"
"11116.I18A071.1196572"	"66.6575010953226"	"66.7521176818962"	"1"
"11116.I32A070.1195285"	"99.5870873430075"	"99.1186088715331"	"0"
"11116.L15A091.1196575"	"57.9273958417371"	"68.7753705300004"	"1"
"11116.U483A62.1194166"	"76.9185421052146"	"82.4040216321341"	"1"
"11116.L02A064.1194087"	"66.8018542567947"	"77.8725236513934"	"1"
"11116.C02A65.1196699"	"63.1116527955574"	"83.6360582612492"	"1"
"11116.A33C094.1195405"	"80.6262809756579"	"96.5264709765177"	"1"
"11116.L28A062.1194144"	"48.9413812369393"	"67.7695766076264"	"1"
"11116.L14A098.1197012"	"55.9723949669293"	"84.3924210095571"	"1"
"11116.A08C061.1197404"	"50.0266233832173"	"64.4855622268712"	"1"
"11116.I23A103.1197966"	"51.5521660315734"	"56.2104054512217"	"1"
"11116.L09A069.1195091"	"46.9019205673228"	"59.3745827881948"	"1"
"11116.A19D082.1196075"	"84.9843753235655"	"97.328713228777"	"1"
"11116.L18A100.1196633"	"68.0724633618406"	"86.0130945955832"	"1"
"11116.L01A088.1195397"	"99.0519594919474"	"97.6633439655268"	"0"
"11116.L25A095.1195248"	"99.5107870412735"	"98.5509138455788"	"0"
"11116.L31A061.1197604"	"48.2951609380979"	"65.4389504735712"	"1"
"11116.L25A077.1197182"	"99.5944700171985"	"98.6720380564621"	"0"
"11116.U523A62.1196461"	"83.792653330941"	"91.2447568057612"	"1"
"11116.A02D088.1193947"	"88.603212574669"	"97.3811766275279"	"1"
"11116.I19A090.1196542"	"68.7825130497958"	"91.1291878020565"	"1"
"11116.L05A120.1196578"	"86.5869604575552"	"94.0224245803244"	"1"
"11116.A10B091.1193990"	"96.8054751779147"	"98.7609106674918"	"1"
"11116.L14A068.1198343"	"50.2511061878104"	"54.1792459563607"	"1"
"11116.L23A096.1196360"	"59.8637988395934"	"86.5395633574976"	"1"
"11116.L02A068.1196861"	"44.0024831534047"	"56.9353131956422"	"1"
"11116.A21D118.1195746"	"87.4684289968618"	"93.5619037956073"	"1"
"11116.A24A094.1197555"	"64.361107220256"	"79.9359538919417"	"1"
"11116.L06A066.1194674"	"49.8995246738175"	"60.7604838242009"	"1"
"11116.I10A098.1196119"	"81.3238256948046"	"92.9131824866731"	"1"
"11116.I29A097.1196526"	"66.0547253683731"	"88.7412406052446"	"1"
"11116.L22A062.1196836"	"44.9021846410175"	"66.1975539078714"	"1"
"11116.A24D070.1194123"	"63.4997816063139"	"66.3764559658071"	"1"
"11116.I16A078.1198235"	"59.03626055278"	"63.7590057141648"	"1"
"11116.I09A095.1195126"	"78.0672277184688"	"94.112102802793"	"1"
"11116.A18A064.1194666"	"52.6254992238282"	"67.8717522234385"	"1"
"11116.A06C118.1196781"	"77.8489449726334"	"94.3000074735126"	"1"
"11116.A03D079.1193965"	"63.456462565483"	"65.0623214534332"	"1"
"11116.A02D070.1196866"	"56.1389972867252"	"62.1622537828145"	"1"
"11116.A18B088.1195786"	"75.9137351649271"	"94.0875393058956"	"1"
"11116.I14A085.1196060"	"61.2804222609057"	"58.7643796871988"	"0"
"11116.A08C100.1194442"	"62.7377354479948"	"65.8584929952937"	"1"
"11116.L24A103.1194968"	"67.7831719296043"	"78.6527341391674"	"1"
"11116.A01D061.1194890"	"55.1079691932504"	"66.0001768405466"	"1"
"11116.I06A070.1198359"	"53.6744058050024"	"57.4254613814277"	"1"
"11116.I11A075.1197266"	"84.3491869017221"	"95.6969719831027"	"1"
"11116.C24A64.1194885"	"56.9885773344941"	"61.2742368119944"	"1"
"11116.L07A072.1196524"	"60.2022586734429"	"62.0741467520883"	"1"
"11116.L11A096.1194437"	"77.7379694319197"	"94.8187884110052"	"1"
"11116.I06A078.1194464"	"51.0295105208916"	"63.6505783042268"	"1"
"11116.L20A099.1195533"	"57.7018717914608"	"59.3731921598047"	"1"
"11116.I20A094.1197877"	"98.1961700567549"	"98.2095393855481"	"1"
"11116.L12A120.1193879"	"87.8510773335873"	"96.0925377438718"	"1"
"11116.L07A071.1198156"	"58.098581646244"	"63.2468435244085"	"1"
"11116.U477A61.1198413"	"70.7823140424738"	"77.2756904945649"	"1"
"11116.A04A088.1197446"	"82.0349140255702"	"95.9163225555263"	"1"
"11116.L01A072.1197531"	"58.2858934660515"	"59.4380858071348"	"1"
"11116.A02C103.1193712"	"61.4998589135968"	"79.490702732592"	"1"
"11116.L08A092.1195851"	"50.1096852318457"	"56.136825535871"	"1"
"11116.A01C085.1197802"	"80.0368565734657"	"96.4691355631173"	"1"
"11116.I06A105.1194651"	"54.0859651555762"	"62.0191987596167"	"1"
"11116.I32A104.1197257"	"94.8599532068955"	"98.2510194190897"	"1"
"11116.L01A074.1194761"	"88.5615898494523"	"86.1971917495619"	"0"
"11116.C13A64.1196580"	"55.4870059367343"	"62.6753133718981"	"1"
"11116.A24A088.1195058"	"65.627214358658"	"92.3565053625406"	"1"
"11116.L19A087.1196872"	"52.0931946399213"	"52.4452634130994"	"1"
"11116.C33A61.1197419"	"84.5598538578804"	"97.7105290264023"	"1"
"11116.L01A061.1193736"	"48.9428772710734"	"65.512646466335"	"1"
"11116.A08D097.1194269"	"77.4349984863157"	"95.565337069756"	"1"
"11116.I31A118.1196970"	"83.8148131687182"	"96.0427614149626"	"1"
"11116.L31A103.1195992"	"57.7654844790067"	"75.9491424040758"	"1"
"11116.I26A088.1195438"	"79.3278713040256"	"95.540435049143"	"1"
"11116.A27A088.1197448"	"85.1573159649794"	"97.344791160981"	"1"
"11116.A14A076.1197890"	"60.6049593675001"	"65.5813574040579"	"1"
"11116.L12A072.1196890"	"62.8621879213424"	"67.821719388167"	"1"
"11116.A23A094.1196168"	"65.0022880945549"	"91.8380701830354"	"1"
"11116.A23B097.1194830"	"70.8760298439453"	"94.3345739249557"	"1"
"11116.A09A091.1197265"	"92.8362627446436"	"98.0319106002981"	"1"
"11116.A07C061.1197389"	"46.5240557784744"	"66.6455632232781"	"1"
"11116.L03A083.1196034"	"60.6883720843765"	"77.8855983934836"	"1"
"11116.I11A070.1194831"	"49.3060084406935"	"61.037980043105"	"1"
"11116.A11B082.1198145"	"78.8354699576082"	"96.7533653482149"	"1"
"11116.I23A089.1195779"	"59.6925147450802"	"85.308234166173"	"1"
"11116.I16A101.1197244"	"67.9103467373236"	"91.8100455056303"	"1"
"11116.I28A101.1196253"	"65.8389891736729"	"85.8619988343378"	"1"
"11116.A25C118.1194659"	"70.2615209069697"	"82.1626201630063"	"1"
"11116.A27B100.1196908"	"56.7693621829259"	"74.7625430890744"	"1"
"11116.C23A64.1194306"	"57.0247328560336"	"61.5376510565403"	"1"
"11116.U481A61.1197914"	"70.3947767270165"	"80.6398423193715"	"1"
"11116.L26A120.1195857"	"71.0962534591606"	"88.5385175123702"	"1"
"11116.A30C088.1197421"	"63.9804405086237"	"90.3241941649325"	"1"
"11116.I24A095.1196837"	"63.6690687113853"	"80.2051552786016"	"1"
"11116.A17B085.1197748"	"65.2647749881073"	"83.7922096240345"	"1"
"11116.I24A094.1194136"	"97.4015458607618"	"97.9233935550892"	"1"
"11116.A18C067.1194805"	"51.8865904642067"	"60.5212171158339"	"1"
"11116.A15B097.1195035"	"67.1655197046215"	"81.7807257273264"	"1"
"11116.I30A089.1195549"	"65.4690457817587"	"67.9329445299632"	"1"
"11116.L22A100.1194321"	"58.513416568752"	"68.4710907997044"	"1"
"11116.L11A097.1195523"	"83.2758257934069"	"94.4410900291755"	"1"
"11116.A20B064.1194762"	"51.1611044695487"	"66.5215490525602"	"1"
"11116.I03A087.1195758"	"56.4063176624397"	"67.5705506401171"	"1"
"11116.A23B082.1194893"	"90.9768219136755"	"98.1012649455052"	"1"
"11116.I09A076.1197994"	"46.8778061361454"	"49.6450966537461"	"1"
"11116.I20A078.1195878"	"53.0571043603296"	"60.6104533208989"	"1"
"11116.U505A63.1197722"	"89.1360367322406"	"95.8279595296764"	"1"
"11116.L13A069.1194520"	"54.8143025885701"	"61.7933863876467"	"1"
"11116.I17A077.1194836"	"54.9819048974175"	"63.3280205630263"	"1"
"11116.I11A084.1196358"	"81.279286930989"	"93.7570304325268"	"1"
"11116.I14A083.1198023"	"88.1535175506873"	"97.2449216164656"	"1"
"11116.I13A065.1195324"	"53.3863860823187"	"59.9561738722149"	"1"
"11116.A02D076.1197042"	"50.6762278705381"	"61.3319442869004"	"1"
"11116.A23B091.1195469"	"94.3201496035354"	"98.3005434457439"	"1"
"11116.L25A076.1195290"	"52.3097468640395"	"64.0682665295097"	"1"
"11116.L21A104.1194076"	"62.8231039715241"	"67.1247297383375"	"1"
"11116.A03C061.1196251"	"52.5563791286979"	"63.8894199125203"	"1"
"11116.I32A095.1198255"	"73.558472382203"	"93.4387736225376"	"1"
"11116.L19A068.1193723"	"56.9848302023061"	"64.8676538523137"	"1"
"11116.L16A076.1196140"	"52.4632552397029"	"56.265593861569"	"1"
"11116.L31A101.1196270"	"72.2655853267011"	"89.2255558278503"	"1"
"11116.I30A090.1195655"	"98.6236490288963"	"97.3726907039144"	"0"
"11116.L05A069.1193669"	"48.7328978564039"	"60.8757356120021"	"1"
"11116.A25D076.1194314"	"53.4316384670239"	"63.2637282812819"	"1"
"11116.L04A084.1197488"	"99.7693892932625"	"99.1330193025315"	"0"
"11116.L17A088.1195320"	"99.5215436051383"	"99.0089588206639"	"0"
"11116.L06A091.1194894"	"81.2724454978517"	"81.2861793678035"	"1"
"11116.I04A074.1197510"	"85.8250397541001"	"86.9314143541008"	"1"
"11116.U539A62.1194015"	"78.9127693505418"	"86.5345790746986"	"1"
"11116.A10D064.1194468"	"55.870267168692"	"61.4460296421269"	"1"
"11116.A31A076.1195472"	"61.4249068633537"	"69.7867075810397"	"1"
"11116.L23A083.1195574"	"87.5186348066411"	"96.3015150191447"	"1"
"11116.A21D097.1197619"	"80.7315492467912"	"95.7930430423793"	"1"
"11116.C29A66.1195809"	"80.8486545644612"	"93.585992409127"	"1"
"11116.L13A082.1194987"	"67.2670285489444"	"84.5729011566675"	"1"
"11116.L12A083.1194909"	"82.272509407045"	"95.9328668656644"	"1"
"11116.I32A101.1193697"	"72.3116571710568"	"88.1828845958347"	"1"
"11116.A09C091.1198242"	"64.7433174378214"	"92.7582793652243"	"1"
"11116.A22C061.1194986"	"47.3380807137961"	"67.6862683849216"	"1"
"11116.I10A064.1193873"	"57.7917258884888"	"68.8135765301062"	"1"
"11116.I16A102.1194913"	"62.5513997857925"	"89.154714504351"	"1"
"11116.A22A070.1195345"	"63.2292268396166"	"62.3414965642828"	"0"
"11116.A07C091.1197657"	"60.1497442769495"	"82.5253922998726"	"1"
"11116.L23A092.1195334"	"69.948450591998"	"92.0179537654784"	"1"
"11116.A13A085.1194178"	"97.8606428657639"	"98.8407154098492"	"1"
"11116.L10A105.1196898"	"78.0136627946256"	"87.0438969439797"	"1"
"11116.A17C070.1194565"	"55.176629824293"	"61.4861547340908"	"1"
"11116.I22A119.1197393"	"65.1006157448711"	"67.2910567040466"	"1"
"11116.L19A102.1197083"	"69.1365742162568"	"86.9807202955861"	"1"
"11116.L10A120.1195364"	"68.9709009868241"	"87.7163933014987"	"1"
"11116.L11A066.1195327"	"55.1339705089992"	"61.0299259993697"	"1"
"11116.L12A096.1197433"	"72.4655858771586"	"94.4414582660349"	"1"
"11116.A12B100.1196607"	"56.2832327100279"	"75.9387773612269"	"1"
"11116.I02A070.1195374"	"65.3749494398442"	"66.3088953277246"	"1"
"11116.I04A102.1196417"	"64.4183363835998"	"85.9699534241702"	"1"
"11116.C18A64.1196537"	"76.6776849535952"	"93.5335522661922"	"1"
"11116.L02A098.1197302"	"77.6478346326298"	"92.9908937263709"	"1"
"11116.A07A091.1195751"	"90.8663943005709"	"97.5874213661703"	"1"
"11116.L03A094.1198388"	"57.3834177986172"	"64.0889903180114"	"1"
"11116.I17A103.1198095"	"64.1922352399306"	"84.8071792364196"	"1"
"11116.L01A076.1196086"	"61.6093806731241"	"69.7716178956555"	"1"
"11116.L25A080.1194793"	"49.1617559083334"	"59.2601459378476"	"1"
"11116.L19A075.1193616"	"99.6501144811066"	"98.9897508281184"	"0"
"11116.L26A098.1194450"	"57.2359637380415"	"58.6560186032376"	"1"
"11116.I11A073.1195652"	"64.713710212887"	"66.8606377346874"	"1"
"11116.L22A073.1196081"	"67.8577909057855"	"78.8021379094419"	"1"
"11116.A09A076.1194469"	"57.1382936135711"	"60.4675516308149"	"1"
"11116.A14D097.1196423"	"83.6173130614708"	"95.6794546975061"	"1"
"11116.L29A072.1194983"	"50.305124382419"	"62.4907054826013"	"1"
"11116.L13A083.1193942"	"81.9977770449789"	"96.4391386089653"	"1"
"11116.A27B067.1195777"	"54.547662443003"	"56.7351679267448"	"1"
"11116.I06A099.1197479"	"87.441631011453"	"97.013714530761"	"1"
"11116.A28C088.1194041"	"61.8935411987708"	"83.6031610998426"	"1"
"11116.I10A075.1198353"	"55.9138391543893"	"68.2391934969765"	"1"
"11116.L17A119.1197084"	"86.7764583304474"	"94.647768412013"	"1"
"11116.I27A119.1194029"	"73.0721808726626"	"92.1596460156564"	"1"
"11116.I13A089.1197174"	"72.2799247474038"	"89.7000745032365"	"1"
"11116.I25A077.1197153"	"53.7111633691776"	"63.9133883143999"	"1"
"11116.I16A066.1195458"	"51.2615248343471"	"67.9026929357189"	"1"
"11116.I07A102.1198071"	"78.6362209780338"	"95.3379942321388"	"1"
"11116.L05A098.1195986"	"60.5445472703332"	"77.0242911904549"	"1"
"11116.I11A086.1195912"	"67.3616078301832"	"92.0986917844668"	"1"
"11116.A18C118.1197200"	"92.2232470959961"	"91.8744233924849"	"0"
"11116.L28A091.1196523"	"58.1940532321164"	"75.7627941407984"	"1"
"11116.A20D061.1195081"	"60.4850657613063"	"69.4657668056747"	"1"
"11116.I24A078.1196601"	"58.5551917642414"	"63.3136655019674"	"1"
"11116.A26D100.1196051"	"58.4640606632152"	"80.1601048611252"	"1"
"11116.A19D070.1194204"	"63.2320739449782"	"66.7244028802797"	"1"
"11116.I26A064.1197757"	"53.4536715210289"	"65.9788995387461"	"1"
"11116.A23D064.1195657"	"56.1728890327958"	"66.4756445703527"	"1"
"11116.I14A069.1196959"	"50.2451694690701"	"62.4479144732366"	"1"
"11116.C25A64.1197550"	"65.9137713599903"	"78.7365978938604"	"1"
"11116.C24A63.1197430"	"59.7459750305196"	"61.1110893681037"	"1"
"11116.C16A66.1195617"	"60.5269654983642"	"63.7715283248294"	"1"
"11116.I22A085.1196762"	"70.3069491682171"	"90.9663590924155"	"1"
"11116.A24C079.1197114"	"65.5340650490198"	"67.8043614085813"	"1"
"11116.A24D085.1196821"	"78.0451555279224"	"82.2962340591626"	"1"
"11116.A07C067.1195202"	"55.1732071996714"	"58.8704507673915"	"1"
"11116.A04A070.1197123"	"61.9396814477075"	"63.5239978468184"	"1"
"11116.L25A103.1194336"	"78.1030544281026"	"91.7525069538706"	"1"
"11116.L08A096.1195937"	"83.4820594756967"	"96.8495860523966"	"1"
"11116.A04B076.1194786"	"54.8866287621956"	"64.5756291553647"	"1"
"11116.I01A098.1195328"	"77.4677602737544"	"93.9574596498548"	"1"
"11116.I04A080.1195451"	"56.6214644837975"	"59.8423668969237"	"1"
"11116.I25A099.1195446"	"60.3522554481588"	"74.9504898276005"	"1"
"11116.A31C067.1195482"	"51.9053232125195"	"59.355241806725"	"1"
"11116.A28D085.1195503"	"77.7730124502956"	"95.2330410347969"	"1"
"11116.A03A073.1193926"	"62.1540382429077"	"82.1429525893326"	"1"
"11116.I03A069.1196621"	"54.0876171247811"	"53.4936638708798"	"0"
"11116.L11A062.1197638"	"46.7575942493505"	"61.4203572160863"	"1"
"11116.I27A103.1198431"	"54.1571597151071"	"58.9143184035887"	"1"
"11116.A23B067.1198064"	"55.9085047053504"	"60.3188980263748"	"1"
"11116.L03A070.1196231"	"56.171510190241"	"57.5924355327334"	"1"
"11116.I05A100.1197077"	"59.4128424889472"	"80.2738153532534"	"1"
"11116.C01A61.1196126"	"53.109201418684"	"64.1851369144539"	"1"
"11116.L17A087.1195646"	"59.3959917688365"	"70.9943767919802"	"1"
"11116.A24C082.1196001"	"91.8020349733248"	"98.3597264093671"	"1"
"11116.L07A094.1195665"	"63.5593326462351"	"77.7309272329909"	"1"
"11116.L24A061.1196273"	"45.866734543002"	"67.4558299799343"	"1"
"11116.I29A091.1194333"	"60.9852672313527"	"69.5360427136183"	"1"
"11116.A33A076.1198297"	"57.2674008418509"	"62.1804908622321"	"1"
"11116.I24A083.1195692"	"76.7465907485237"	"92.1997804147133"	"1"
"11116.I14A087.1197637"	"51.8579320350845"	"57.6814507854311"	"1"
"11116.A09B067.1196686"	"50.0569597969259"	"57.2714060524786"	"1"
"11116.L19A120.1196063"	"78.2714984102033"	"87.6527357533919"	"1"
"11116.A01C082.1197541"	"85.9622788868418"	"96.2386222811129"	"1"
"11116.L26A086.1196792"	"53.6260464767558"	"58.8282580921069"	"1"
"11116.I04A069.1196957"	"51.5650031760786"	"68.8298932320427"	"1"
"11116.L07A105.1193971"	"70.2433448465245"	"75.3235523633528"	"1"
"11116.I08A085.1194290"	"60.1240972975021"	"87.4564285291592"	"1"
"11116.L17A073.1196615"	"57.7651762447537"	"60.8435488536287"	"1"
"11116.I27A093.1193695"	"60.1428142607376"	"64.8823596077485"	"1"
"11116.I08A083.1194884"	"91.7007977876383"	"97.835803318516"	"1"
"11116.A27B088.1196592"	"59.6292939579731"	"71.1239577437095"	"1"
"11116.I23A075.1195504"	"73.0238413693843"	"77.0283465458517"	"1"
"11116.L17A068.1196317"	"43.2511718152475"	"58.6046323946371"	"1"
"11116.L12A118.1198411"	"55.9791518201782"	"64.8115520779419"	"1"
"11116.A25B097.1193747"	"61.8507375345927"	"82.4613997453781"	"1"
"11116.L01A099.1197545"	"52.2803824054617"	"63.7666035305156"	"1"
"11116.I24A065.1194120"	"53.0809542811575"	"68.9126096836469"	"1"
"11116.I10A099.1198165"	"76.3020540755392"	"91.090078066807"	"1"
"11116.A14C073.1196181"	"90.3892470429001"	"92.6594138888029"	"1"
"11116.I19A086.1195026"	"78.4391274935306"	"85.1158678620783"	"1"
"11116.U519A61.1194160"	"71.7137484670604"	"74.9099907509357"	"1"
"11116.A01A097.1198019"	"61.4183313754994"	"62.4058252184126"	"1"
"11116.I01A065.1195292"	"52.6375400430789"	"62.5457470316151"	"1"
"11116.A07B082.1195121"	"70.2580808583976"	"85.6062714060738"	"1"
"11116.I31A081.1196496"	"64.2022870127996"	"70.8083833945087"	"1"
"11116.I01A100.1197049"	"61.7496112719782"	"88.0437494907613"	"1"
"11116.L23A082.1194952"	"63.7949998062418"	"67.6752642623247"	"1"
"11116.I28A092.1197754"	"69.4861399130947"	"81.2103481206044"	"1"
"11116.I15A105.1195373"	"59.6841891633857"	"64.8282567802992"	"1"
"11116.L07A098.1196324"	"63.5617653722169"	"88.2608561232697"	"1"
"11116.I07A076.1197666"	"49.7776247671474"	"53.5243556086454"	"1"
"11116.A01C094.1195437"	"99.59528003024"	"98.6918598125872"	"0"
"11116.I03A079.1194191"	"59.0949698835762"	"61.8121734769828"	"1"
"11116.A29C073.1196770"	"65.3025420919622"	"70.771714799439"	"1"
"11116.I04A089.1193797"	"58.8099570757864"	"79.4490762705358"	"1"
"11116.I02A086.1193642"	"54.4490210426007"	"78.4372788748126"	"1"
"11116.A13D079.1196062"	"68.1687386838532"	"72.3258205588967"	"1"
"11116.L20A063.1196213"	"46.5403631761106"	"69.8101474207664"	"1"
"11116.L28A101.1195844"	"74.9289855974135"	"93.819751836409"	"1"
"11116.I08A073.1195899"	"55.5484172863952"	"61.5080260845082"	"1"
"11116.I30A104.1197682"	"66.1530806088004"	"88.2947887038555"	"1"
"11116.A26B088.1198007"	"92.6550863596454"	"98.0186957216922"	"1"
"11116.A30C079.1194933"	"55.18609061639"	"60.3044744407212"	"1"
"11116.L08A061.1195798"	"49.9675137489747"	"58.8922345218455"	"1"
"11116.L04A103.1198380"	"89.0901138543844"	"97.0380646358668"	"1"
"11116.A20C070.1196260"	"66.6194127218727"	"69.092982115101"	"1"
"11116.I13A072.1195263"	"47.9297767238442"	"65.4433422593524"	"1"
"11116.A13A082.1194005"	"93.6231795856622"	"98.5828410199456"	"1"
"11116.A14D061.1196221"	"56.6673366876669"	"64.5674418126045"	"1"
"11116.L19A084.1197454"	"59.9374792650018"	"70.3843674564815"	"1"
"11116.A24C103.1196053"	"66.0561920837133"	"90.7591378465603"	"1"
"11116.A26A103.1198213"	"63.4279319525597"	"79.4450638327238"	"1"
"11116.A16A076.1196771"	"56.6056417548952"	"60.3725729755506"	"1"
"11116.L21A120.1194375"	"63.7158538604309"	"74.0399742409345"	"1"
"11116.I20A095.1194598"	"93.3531041076037"	"98.1322018294352"	"1"
"11116.L16A118.1196318"	"57.0077243357939"	"72.4520518950848"	"1"
"11116.C30A65.1198385"	"65.7661842968197"	"62.7264986788713"	"0"
"11116.A30B079.1197346"	"52.7492787729074"	"56.7560220164379"	"1"
"11116.A06D061.1197975"	"55.7147036849003"	"70.3058886317645"	"1"
"11116.L28A100.1195156"	"89.9521933047773"	"97.6334732275481"	"1"
"11116.A05D100.1194742"	"60.3073023903492"	"64.565373999312"	"1"
"11116.I26A069.1194001"	"50.7421981429818"	"64.4435668299305"	"1"
"11116.A02D100.1197898"	"69.0535868304566"	"86.0683706805428"	"1"
"11116.I16A084.1198012"	"52.1999225486782"	"62.5650921495891"	"1"
"11116.A16D085.1198099"	"77.38522057754"	"95.7627360772129"	"1"
"11116.L06A120.1196031"	"64.9900118350155"	"84.3632541737987"	"1"
"11116.U461A63.1198047"	"83.8770547179898"	"86.7656854528866"	"1"
"11116.I25A090.1195162"	"67.9253101637128"	"85.1386408671239"	"1"
"11116.L03A069.1198387"	"48.9756979620531"	"58.4305021727248"	"1"
"11116.L33A098.1196396"	"74.8789823722197"	"94.2451592251129"	"1"
"11116.A03B061.1196201"	"50.2620017518064"	"65.6857911367667"	"1"
"11116.L11A080.1196798"	"64.8622198082105"	"81.7060129377591"	"1"
"11116.I23A078.1197202"	"53.7885507336694"	"59.6744994950313"	"1"
"11116.I32A085.1197482"	"59.562709278089"	"81.6489071027441"	"1"
"11116.L15A079.1196830"	"53.5910991229363"	"57.4174044681933"	"1"
"11116.U509A63.1194069"	"73.7442669038986"	"82.6833447939709"	"1"
"11116.A03C079.1196843"	"64.7773485685565"	"67.6570330477655"	"1"
"11116.A17A070.1196852"	"62.3000402341357"	"67.9352641356686"	"1"
"11116.I20A104.1193964"	"85.6712931538835"	"96.3145244344247"	"1"
"11116.A28B064.1195892"	"61.4654999759691"	"68.0007934791333"	"1"
"11116.A02B097.1194186"	"59.0728928975628"	"82.568083675632"	"1"
"11116.I17A072.1196748"	"52.6106456950245"	"64.3841384378326"	"1"
"11116.L22A076.1197698"	"51.4801159368306"	"56.403558117965"	"1"
"11116.I13A098.1197941"	"71.4428217164856"	"82.1522342967049"	"1"
"11116.A25B064.1194634"	"54.3572987592034"	"64.6839745782107"	"1"
"11116.A06D076.1194667"	"54.3307389682144"	"60.5298998165238"	"1"
"11116.I07A120.1195961"	"83.2991275307057"	"94.104240949636"	"1"
"11116.I23A082.1197212"	"88.6198748944358"	"95.3949522051557"	"1"
"11116.I31A087.1195274"	"73.9538777129157"	"91.6645480479838"	"1"
"11116.I09A103.1194077"	"56.336211273528"	"58.7760551465419"	"1"
"11116.I32A068.1197801"	"61.5910039665551"	"65.6844564871105"	"1"
"11116.L30A120.1196878"	"58.4341750260517"	"72.8377960588431"	"1"
"11116.L13A064.1195825"	"52.4649730969746"	"58.7073553773425"	"1"
"11116.L05A074.1194616"	"92.154342579989"	"93.3898225326676"	"1"
"11116.I32A102.1197149"	"65.0058698251245"	"72.173852322668"	"1"
"11116.L22A063.1197474"	"46.6184469529555"	"63.7471321683537"	"1"
"11116.I11A097.1193618"	"80.769825508298"	"96.2569045592653"	"1"
"11116.A02B100.1197705"	"82.3741282767778"	"94.5092247573245"	"1"
"11116.A10C103.1196362"	"85.3171711861185"	"97.5277904995144"	"1"
"11116.U461A62.1196424"	"89.5581731170002"	"93.0923303709359"	"1"
"11116.C28A66.1197724"	"77.2052985744903"	"94.0261962411573"	"1"
"11116.L21A061.1196193"	"43.4681013629592"	"66.1823639269612"	"1"
"11116.I06A068.1196182"	"52.6667294646417"	"60.0449304232227"	"1"
"11116.I26A120.1193783"	"82.713614077904"	"93.6993897446386"	"1"
"11116.I04A088.1194088"	"65.6621412804624"	"89.4432403659987"	"1"
"11116.L05A075.1197933"	"65.6780042607283"	"58.8199393945005"	"0"
"11116.L15A086.1197451"	"58.9627577122479"	"73.9372794263995"	"1"
"11116.L03A086.1196808"	"61.8967830937365"	"64.9957340192512"	"1"
"11116.I26A098.1197730"	"58.7493327962191"	"63.0933588611169"	"1"
"11116.L14A100.1197894"	"63.3463797748779"	"87.5041246240586"	"1"
"11116.A13A118.1194324"	"91.4629220556429"	"96.8043948752941"	"1"
"11116.I30A065.1196400"	"55.6278674722816"	"58.3150352840396"	"1"
"11116.A19A076.1198010"	"48.7480179295332"	"59.2527575721894"	"1"
"11116.L18A091.1194788"	"73.0125501874339"	"91.7758785016408"	"1"
"11116.I26A084.1195740"	"72.1344413058103"	"83.089204042746"	"1"
"11116.L07A100.1196741"	"73.5934796033545"	"89.7167715006437"	"1"
"11116.I04A083.1194525"	"70.3472412940295"	"92.3088153245877"	"1"
"11116.I18A101.1194679"	"71.041985981353"	"89.3330541986242"	"1"
"11116.L10A083.1194230"	"59.5527684452525"	"62.6740831075632"	"1"
"11116.I08A118.1198063"	"59.7066561500924"	"63.4843517082687"	"1"
"11116.I14A101.1197207"	"75.1164478881436"	"90.6175612891597"	"1"
"11116.A29B097.1194707"	"64.6994627930655"	"68.0249381667011"	"1"
"11116.L05A097.1196701"	"60.5490788920751"	"79.6651136710921"	"1"
"11116.L20A120.1195247"	"81.1842740353107"	"91.5722844461397"	"1"
"11116.L21A067.1195270"	"62.8002247078066"	"62.5635587772217"	"0"
"11116.A10B064.1194317"	"50.0777400411967"	"58.6528324943575"	"1"
"11116.I07A073.1194096"	"49.6717988187762"	"55.4878281299839"	"1"
"11116.I23A081.1194635"	"58.3948676079953"	"63.800501054871"	"1"
"11116.I15A119.1193923"	"72.6066827510517"	"89.5717459316132"	"1"
"11116.I06A118.1196357"	"74.2422191276929"	"90.1203567187968"	"1"
"11116.I27A094.1197267"	"85.7001005962888"	"96.7019113506148"	"1"
"11116.U481A63.1194923"	"76.4639922510966"	"80.1014766681261"	"1"
"11116.A22B064.1197822"	"53.0861556767994"	"64.1535227877396"	"1"
"11116.A05C091.1197805"	"81.6574554162981"	"96.4034662886074"	"1"
"11116.A01B118.1197378"	"62.2688543095798"	"80.0691245179566"	"1"
"11116.A16D061.1195084"	"51.6648478264294"	"68.7733832421079"	"1"
"11116.I24A090.1197031"	"68.9304430012644"	"72.9338793032457"	"1"
"11116.A18C073.1197606"	"60.0160318320906"	"64.0911743874769"	"1"
"11116.U493A61.1196676"	"66.5701630600204"	"74.7957013725552"	"1"
"11116.I23A070.1196145"	"68.7261468036141"	"68.2445168463144"	"0"
"11116.A31A088.1195351"	"73.4290575023814"	"94.8263529955828"	"1"
"11116.A21A103.1196008"	"58.3973847384059"	"74.9987475261259"	"1"
"11116.I26A103.1197416"	"56.1986630973587"	"64.1639963637902"	"1"
"11116.I21A097.1196189"	"54.1160267963517"	"62.8109984848687"	"1"
"11116.I22A120.1195707"	"69.2840801994913"	"87.3621012255866"	"1"
"11116.A12B070.1197373"	"58.2052102522955"	"62.7166007385396"	"1"
"11116.A24B073.1196982"	"51.0761685058847"	"57.0911681867808"	"1"
"11116.I11A064.1195243"	"48.6261238245819"	"60.798001759957"	"1"
"11116.L09A092.1196636"	"84.6695276241676"	"96.4847840778044"	"1"
"11116.I19A099.1194979"	"57.9427575459397"	"78.5440742463689"	"1"
"11116.C31A63.1197013"	"65.5673771943871"	"71.8397110897656"	"1"
"11116.I12A090.1195966"	"60.7675342632599"	"68.048393312405"	"1"
"11116.U487A61.1197345"	"82.2114919216699"	"85.1717227431814"	"1"
"11116.I29A095.1195295"	"98.8501194624017"	"98.4368618645231"	"0"
"11116.A13B076.1194937"	"59.8562608976085"	"68.0878467911712"	"1"
"11116.L22A094.1194678"	"63.1201524065717"	"85.342417148125"	"1"
"11116.A17A061.1196338"	"51.0461504087703"	"68.6588341959474"	"1"
"11116.L27A097.1194192"	"70.2705943785643"	"92.8697968063151"	"1"
"11116.I02A085.1193937"	"61.2599210356698"	"60.9694557417837"	"0"
"11116.A07A085.1195240"	"67.224779883838"	"71.5124861921564"	"1"
"11116.C07A64.1193809"	"58.9973904040151"	"64.3207870028883"	"1"
"11116.L23A105.1195415"	"87.8736276404328"	"97.4464746219396"	"1"
"11116.A27B118.1194126"	"99.7339030723442"	"99.2605384352807"	"0"
"11116.I09A064.1197359"	"48.9339696401308"	"64.7396700757764"	"1"
"11116.L04A073.1197767"	"57.1268842430165"	"73.5230800693162"	"1"
"11116.A05B070.1198150"	"53.8148000564202"	"60.8969566315116"	"1"
"11116.L20A067.1197074"	"55.5663807966977"	"62.436922239593"	"1"
"11116.I12A098.1197903"	"92.5875127942664"	"97.890212544563"	"1"
"11116.I25A079.1194794"	"61.1842526395501"	"64.0673731919838"	"1"
"11116.A13B094.1197124"	"96.6344181022833"	"97.1774098096969"	"1"
"11116.L04A082.1197161"	"64.7226764149644"	"81.5613810997537"	"1"
"11116.I13A070.1193753"	"53.13840275617"	"63.2103414891686"	"1"
"11116.I30A080.1197069"	"71.6825008434542"	"75.9177602151811"	"1"
"11116.I08A070.1196521"	"61.6607845760241"	"64.4403061184301"	"1"
"11116.L24A098.1196812"	"62.8390153705944"	"83.0624963489281"	"1"
"11116.U499A61.1194284"	"72.3088132932414"	"79.7407995512008"	"1"
"11116.L26A094.1197384"	"68.2374556886266"	"78.0431672047015"	"1"
"11116.A02A088.1195882"	"86.5807258640794"	"97.4855721528633"	"1"
"11116.L32A086.1195575"	"52.2632816984562"	"52.2165387975759"	"0"
"11116.L01A064.1197891"	"57.9381930198549"	"66.3560626534302"	"1"
"11116.A32A073.1193940"	"61.2324018053834"	"64.1758046491917"	"1"
"11116.I10A073.1195548"	"62.171204670352"	"63.3166355827968"	"1"
"11116.I02A100.1195245"	"56.6239792480173"	"80.1954543139817"	"1"
"11116.L19A063.1195838"	"49.8494127868266"	"70.0239896372165"	"1"
"11116.A16B076.1194247"	"60.6656087071613"	"63.5806737478116"	"1"
"11116.U455A62.1195322"	"62.5188623354007"	"78.6843153754575"	"1"
"11116.I25A100.1193639"	"71.4200340201095"	"92.3364674896661"	"1"
"11116.A11D076.1194615"	"54.6431289756463"	"60.7568046450656"	"1"
"11116.A22C094.1193949"	"72.5638180256507"	"95.0875297731058"	"1"
"11116.A09B091.1193900"	"96.6806937322936"	"98.6809499249214"	"1"
"11116.U449A63.1198128"	"64.9427942617105"	"83.6900509382781"	"1"
"11116.U535A62.1194472"	"72.219998251385"	"74.909055221243"	"1"
"11116.C23A61.1193711"	"57.9727306526632"	"65.6773594260068"	"1"
"11116.L01A095.1196932"	"62.3195793453839"	"72.3020186751739"	"1"
"11116.L31A078.1198178"	"52.6702361840502"	"60.2714542313406"	"1"
"11116.I02A082.1193632"	"77.1062802358475"	"95.6133422904302"	"1"
"11116.I18A090.1196960"	"80.5506499861334"	"96.3201976302705"	"1"
"11116.L11A063.1198275"	"49.4438579903915"	"66.0746638072748"	"1"
"11116.I22A066.1196497"	"47.5955937677927"	"55.3599414515037"	"1"
"11116.C21A65.1198267"	"56.5149818333305"	"60.0909503105131"	"1"
"11116.A18C079.1193654"	"58.1185454462061"	"68.5675796585158"	"1"
"11116.A30B091.1194569"	"73.2404866792544"	"94.5357888912913"	"1"
"11116.I15A076.1197714"	"55.7329427397283"	"65.9871669345131"	"1"
"11116.A03A076.1196649"	"54.7258048731073"	"60.8261402799807"	"1"
"11116.A31B103.1194958"	"64.9807266862857"	"79.9760604820605"	"1"
"11116.L16A078.1196430"	"57.5204792904557"	"58.3753434293331"	"1"
"11116.A23A076.1193970"	"54.1675540442913"	"59.7409754494274"	"1"
"11116.A26A061.1196129"	"49.4145184122517"	"63.2190046567452"	"1"
"11116.L27A076.1194624"	"54.0021399995824"	"60.2631067597243"	"1"
"11116.I11A065.1198345"	"63.808403893601"	"73.9906454624704"	"1"
"11116.A13C082.1197441"	"79.8608057017586"	"96.2290567235229"	"1"
"11116.C13A61.1198103"	"55.7398464407992"	"60.3542125086482"	"1"
"11116.L01A103.1195730"	"99.9269678184801"	"99.4228501798428"	"0"
"11116.L24A097.1198228"	"57.0038495147568"	"70.4972243346888"	"1"
"11116.I20A102.1197044"	"61.2028042584656"	"88.1256909821502"	"1"
"11116.I09A120.1194896"	"79.9593259268804"	"90.6921023317571"	"1"
"11116.L23A098.1197622"	"84.4672219577754"	"92.9954035636625"	"1"
"11116.L25A101.1195416"	"68.3129717626766"	"90.6163952479973"	"1"
"11116.L19A071.1196406"	"52.3915691948344"	"54.881355742281"	"1"
"11116.L22A097.1197751"	"66.9284569633824"	"87.8193121135916"	"1"
"11116.L07A118.1197079"	"65.921736059899"	"78.7339550742433"	"1"
"11116.I13A099.1196018"	"96.9315629702644"	"98.4317249415932"	"1"
"11116.I12A086.1193904"	"61.7345461118101"	"85.3162146266955"	"1"
"11116.L28A065.1194145"	"56.111949981124"	"60.1365695577268"	"1"
"11116.L09A075.1195714"	"61.3813895253862"	"73.7115517756512"	"1"
"11116.I07A066.1194285"	"50.2905723483734"	"65.2329465458856"	"1"
"11116.A04D070.1194629"	"57.5442605271923"	"64.9496959005038"	"1"
"11116.L08A079.1196822"	"63.4852038349313"	"62.3793871182377"	"0"
"11116.I02A097.1197815"	"94.2845300115079"	"98.407797796656"	"1"
"11116.A24D082.1197390"	"82.2595164475579"	"95.6024480013699"	"1"
"11116.I22A100.1195616"	"62.9078322508182"	"77.6905168545681"	"1"
"11116.I26A082.1194052"	"89.9393870030871"	"96.3717475923113"	"1"
"11116.A16D118.1196974"	"65.8536669550025"	"71.3338861800107"	"1"
"11116.L24A101.1196315"	"58.0669185713201"	"84.8103434239379"	"1"
"11116.C13A65.1194007"	"49.0748328708086"	"70.3202333901825"	"1"
"11116.L21A089.1197621"	"64.9423260468034"	"85.9923025223433"	"1"
"11116.I09A082.1195494"	"75.7822271999807"	"93.8838947555404"	"1"
"11116.A05D076.1198375"	"53.8596233380277"	"59.7740497839788"	"1"
"11116.L32A080.1195393"	"60.794396416949"	"78.1620315096777"	"1"
"11116.L26A065.1197697"	"54.5247931795704"	"65.4962718802657"	"1"
"11116.L26A087.1193663"	"50.6202424645951"	"51.6745869452999"	"1"
"11116.A32C064.1197481"	"57.1680682295052"	"67.4596788490762"	"1"
"11116.L14A078.1197254"	"48.0075036741427"	"52.0921241354891"	"1"
"11116.U457A62.1197132"	"80.9355534233509"	"88.4676792711532"	"1"
"11116.I26A096.1197402"	"73.7711910872259"	"93.3278201516108"	"1"
"11116.A01A094.1196134"	"61.0972296574302"	"85.4179783409699"	"1"
"11116.A28B082.1196851"	"58.5160245610048"	"61.0994266297305"	"1"
"11116.A04C094.1197325"	"60.7744833481652"	"86.7445756358237"	"1"
"11116.I05A091.1196800"	"59.4779921767178"	"60.2382306129955"	"1"
"11116.L06A119.1198061"	"71.6013871066046"	"89.0535671692301"	"1"
"11116.I25A105.1193641"	"64.7828592408926"	"69.7710351856953"	"1"
"11116.A10B118.1193880"	"93.3624709673948"	"94.7263253964959"	"1"
"11116.L28A087.1194461"	"55.075647357851"	"63.130774609015"	"1"
"11116.A27A100.1194806"	"61.6765749507326"	"87.4062210295654"	"1"
"11116.L09A074.1197650"	"55.623453503629"	"66.2807657242432"	"1"
"11116.U489A63.1196198"	"76.6246976184422"	"76.5999657944709"	"0"
"11116.A12A067.1197896"	"57.4303234136432"	"58.0491732021396"	"1"
"11116.I08A095.1194149"	"78.8047378324241"	"95.5491345291474"	"1"
"11116.A32B079.1197867"	"56.4529373322"	"61.3994828411177"	"1"
"11116.C04A65.1197499"	"57.8728181099733"	"70.0690373042991"	"1"
"11116.A26B076.1196472"	"51.986026377357"	"60.0736133058212"	"1"
"11116.I26A087.1197293"	"58.5632529783696"	"70.4929796379849"	"1"
"11116.I22A099.1196913"	"66.4680042319194"	"89.0207784041429"	"1"
"11116.I24A087.1198426"	"62.3529953074053"	"66.7016167426259"	"1"
"11116.C09A63.1197485"	"58.0910546478886"	"65.4820666898148"	"1"
"11116.L26A080.1193786"	"53.6659530431893"	"68.683950982647"	"1"
"11116.L14A080.1195038"	"52.391015616267"	"58.1508712604496"	"1"
"11116.I10A074.1194672"	"69.7155726792652"	"77.3748574394217"	"1"
"11116.I28A082.1194293"	"88.9864419851234"	"97.4691653830096"	"1"
"11116.A19C094.1197225"	"59.0139372291832"	"88.3974392412691"	"1"
"11116.C19A62.1195034"	"61.9513769624742"	"70.517106279659"	"1"
"11116.I19A103.1194329"	"54.3105840941334"	"63.3188956596567"	"1"
"11116.L15A061.1197759"	"43.9838199115174"	"63.5096631679346"	"1"
"11116.A18B085.1195281"	"90.777115023316"	"98.1659654825901"	"1"
"11116.C15A66.1195765"	"55.1961059768181"	"70.1881182193204"	"1"
"11116.L29A064.1195502"	"52.7383714254075"	"57.3662759133477"	"1"
"11116.L01A069.1195881"	"51.2636282168396"	"58.9580136122412"	"1"
"11116.U473A62.1195000"	"71.8621875018151"	"80.7534315645872"	"1"
"11116.I14A065.1193988"	"57.975138260859"	"56.9274252819052"	"0"
"11116.I16A091.1194114"	"60.1266481679814"	"60.6580196231075"	"1"
"11116.L09A103.1195200"	"88.3008321666609"	"95.74856695363"	"1"
"11116.I14A119.1198008"	"60.144536720365"	"69.9893964481213"	"1"
"11116.L08A078.1194111"	"62.5419522344889"	"66.7498964627598"	"1"
"11116.L06A063.1196856"	"44.4125057848336"	"69.3261290047071"	"1"
"11116.L04A118.1196651"	"64.0792447474941"	"76.8738747268506"	"1"
"11116.C32A64.1196963"	"56.5217004575888"	"60.0606025266136"	"1"
"11116.A09B103.1197235"	"80.8641159974626"	"96.4078621260419"	"1"
"11116.L20A103.1197610"	"76.1374746999303"	"88.2849412999748"	"1"
"11116.L15A118.1195903"	"73.8364652211757"	"90.9192173817345"	"1"
"11116.I15A085.1193842"	"55.4577736095662"	"61.3714186121255"	"1"
"11116.I11A105.1197381"	"62.1770457125697"	"89.8154076403937"	"1"
"11116.A08A082.1194956"	"73.9014743651607"	"95.4398238573494"	"1"
"11116.L15A119.1195982"	"71.6032783819042"	"89.3935346397971"	"1"
"11116.L21A068.1196356"	"46.4751726613133"	"56.502951605172"	"1"
