"id"	"tr1_mse"	"tr1_smape"	"tr2_mse"	"tr2_smape"	"diff_mse"	"diff_smape"	"group_mse"	"group_smape"	"elevation"	"AGE"	"Temperature"	"Precipitation3Days"	"INBREDS"	"Maize_Line"	"def_mse"	"def_smape"
"11116.A02B073.1196026"	"0.0022491945799336"	"68.6569440321055"	"0.00265120969951823"	"75.9255374735329"	"-4.020151e-04"	" -7.268593441"	"better"	"better"	"125.86"	"5"	"67.7"	"0.07"	"Ky21"	"Non_Stiff_Stalk"	"0.00230055412101348"	"66.3968690933347"
"11116.A02B091.1196657"	"5.96563564161188e-05"	"95.3275356418737"	"0.000444466505881706"	"97.6958101583004"	"-3.848101e-04"	" -2.368274516"	"better"	"better"	"125.86"	"11"	"76.2"	"0.21"	"Ky21"	"Non_Stiff_Stalk"	"0.00119675302426121"	"95.6517041178375"
"11116.A02D079.1197228"	"0.00184826537631992"	"75.2164872956439"	"0.00221520785664855"	"77.2766957687618"	"-3.669425e-04"	" -2.060208473"	"better"	"better"	"125.86"	"7"	"80"	"0"	"Ky21"	"Non_Stiff_Stalk"	"0.00227391831155353"	"72.7564697498645"
"11116.A03B070.1195321"	"0.0035981769633299"	"62.3852261251907"	"0.00284442162834276"	"63.8651376436612"	" 7.537553e-04"	" -1.479911518"	"worse"	"better"	"125.86"	"4"	"64.8"	"0.4"	"Ki3"	"Tropical"	"0.00441320450289255"	"61.3152546916268"
"11116.A03B073.1198468"	"0.0020282012085275"	"61.3390806916735"	"0.00248642013332999"	"68.7645805907921"	"-4.582189e-04"	" -7.425499899"	"better"	"better"	"125.86"	"5"	"67.7"	"0.07"	"Ki3"	"Tropical"	"0.00227546897939784"	"60.6279075718089"
"11116.A03B082.1197011"	"0.000326057682390662"	"86.9177528073858"	"0.00155617066806123"	"94.9229777251997"	"-1.230113e-03"	" -8.005224918"	"better"	"better"	"125.86"	"8"	"73.2"	"0.09"	"Ki3"	"Tropical"	"0.00170591619202602"	"92.6068143249967"
"11116.A03C073.1195952"	"0.00354804065816785"	"58.399519907044"	"0.00453190811102068"	"60.5989540858003"	"-9.838675e-04"	" -2.199434179"	"better"	"better"	"125.86"	"5"	"67.7"	"0.07"	"M162W"	"Non_Stiff_Stalk"	"0.00604568314434352"	"60.061271747695"
"11116.A03C088.1194163"	"0.000776637051969572"	"90.1118045239877"	"0.0011507506311132"	"96.0315973671551"	"-3.741136e-04"	" -5.919792843"	"better"	"better"	"125.86"	"10"	"69.5"	"0.12"	"M162W"	"Non_Stiff_Stalk"	"0.00173489659498441"	"94.0665047745577"
"11116.A03D076.1195997"	"0.00228929680450974"	"70.4214486161948"	"0.00387006578602622"	"71.9179096824287"	"-1.580769e-03"	" -1.496461066"	"better"	"better"	"125.86"	"6"	"66.8"	"0.85"	"Ki3"	"Tropical"	"0.00439657989665864"	"66.7687220241638"
"11116.A03D103.1196464"	"0.000660302080136387"	"62.7108440413445"	"0.000549072527112484"	"67.0652884368308"	" 1.112296e-04"	" -4.354444395"	"worse"	"better"	"125.86"	"15"	"74.5"	"0.01"	"Ki3"	"Tropical"	"0.00164993857875192"	"77.6882269775715"
"11116.A04B103.1196185"	"0.000102773071872235"	"72.0529571168759"	"0.000210491034629897"	"83.2161542201959"	"-1.077180e-04"	"-11.163197103"	"better"	"better"	"125.86"	"15"	"74.5"	"0.01"	"MS71"	"Non_Stiff_Stalk"	"0.00124300129992415"	"90.1893011203096"
"11116.A04C103.1196094"	"0.000844382480195611"	"68.649910672323"	"0.000622885687059899"	"60.3354040399433"	" 2.214968e-04"	"  8.314506632"	"worse"	"worse"	"125.86"	"15"	"74.5"	"0.01"	"Oh43"	"Non_Stiff_Stalk"	"0.00125060770368027"	"60.2972848179258"
"11116.A04D091.1195890"	"0.000326709083125231"	"60.5824188112083"	"0.000848045883130184"	"62.8919444824604"	"-5.213368e-04"	" -2.309525671"	"better"	"better"	"125.86"	"11"	"76.2"	"0.21"	"MS71"	"Non_Stiff_Stalk"	"0.00142478360581521"	"63.0768754872425"
"11116.A05A067.1197058"	"0.003864578519284"	"58.6988323489811"	"0.00279318233693475"	"59.0880290648438"	" 1.071396e-03"	" -0.389196716"	"worse"	"similar"	"125.86"	"3"	"54.5"	"0.91"	"MS71"	"Non_Stiff_Stalk"	"0.00373431429372326"	"59.3675799508901"
"11116.A05A088.1196516"	"0.00417139600477042"	"73.9591807569855"	"0.00331682193680315"	"63.7578881338604"	" 8.545741e-04"	" 10.201292623"	"worse"	"worse"	"125.86"	"10"	"69.5"	"0.12"	"MS71"	"Non_Stiff_Stalk"	"0.00290556040895339"	"58.7712774789051"
"11116.A05C097.1198256"	"0.000419864478262157"	"78.710897792335"	"0.000645013684447589"	"90.8724945379342"	"-2.251492e-04"	"-12.161596746"	"better"	"better"	"125.86"	"13"	"68.3"	"0.07"	"MS71"	"Non_Stiff_Stalk"	"0.00161421469848537"	"92.2939313431699"
"11116.A05D070.1193898"	"0.00501288396796147"	"59.9544397161617"	"0.00606441920895511"	"61.438286064332"	"-1.051535e-03"	" -1.483846348"	"better"	"better"	"125.86"	"4"	"64.8"	"0.4"	"Mo18W"	"Mixed"	"0.00872172171868601"	"64.3492070138862"
"11116.A05D103.1195579"	"8.35674915390106e-05"	"80.9448683646739"	"0.000125300051714263"	"85.9223443488135"	"-4.173256e-05"	" -4.977475984"	"similar"	"better"	"125.86"	"15"	"74.5"	"0.01"	"Mo18W"	"Mixed"	"0.000920175419695968"	"90.8799026226679"
"11116.A06A076.1193863"	"0.00279479131914568"	"57.8794034211151"	"0.00521524402442344"	"62.6672719307696"	"-2.420453e-03"	" -4.787868510"	"better"	"better"	"125.86"	"6"	"66.8"	"0.85"	"Mo17"	"Non_Stiff_Stalk"	"0.00674644941304931"	"62.6733757653209"
"11116.A06B097.1197687"	"3.5546944210987e-05"	"85.9430890291829"	"0.00020926468973814"	"93.1784463548008"	"-1.737177e-04"	" -7.235357326"	"better"	"better"	"125.86"	"13"	"68.3"	"0.07"	"Mo17"	"Non_Stiff_Stalk"	"0.00105165922113222"	"93.6266488694937"
"11116.A07B088.1194377"	"0.000134462121284631"	"73.4713276207689"	"0.000406144782404413"	"89.7747322383922"	"-2.716827e-04"	"-16.303404618"	"better"	"better"	"125.86"	"10"	"69.5"	"0.12"	"CML52"	"Tropical"	"0.000917426494244795"	"89.3417734732449"
"11116.A07B091.1193796"	"0.000159650662347735"	"92.971035189743"	"0.000341344158220515"	"96.643423650899"	"-1.816935e-04"	" -3.672388461"	"better"	"better"	"125.86"	"11"	"76.2"	"0.21"	"CML52"	"Tropical"	"0.000977177411281248"	"94.8269750920418"
"11116.A08B067.1197781"	"0.00180033783296033"	"58.6138922696061"	"0.00288040294220365"	"58.25442180924"	"-1.080065e-03"	"  0.359470460"	"better"	"similar"	"125.86"	"3"	"54.5"	"0.91"	"Il14H"	"Sweet_Corn"	"0.00463957622096083"	"62.0307633914732"
"11116.A08B091.1196978"	"0.000193466706691508"	"90.4786896309251"	"0.000948844568724306"	"94.96759915553"	"-7.553779e-04"	" -4.488909525"	"better"	"better"	"125.86"	"11"	"76.2"	"0.21"	"Il14H"	"Sweet_Corn"	"0.00180220500174866"	"93.6991514021563"
"11116.A08B097.1197089"	"4.1705491501369e-05"	"73.9547148867454"	"0.000231756109401631"	"85.4136488790467"	"-1.900506e-04"	"-11.458933992"	"better"	"better"	"125.86"	"13"	"68.3"	"0.07"	"Il14H"	"Sweet_Corn"	"0.0010532587029562"	"88.7830718698079"
"11116.A09C064.1193798"	"0.000936463184339924"	"56.1090870975955"	"0.0023626025287786"	"61.4496842753693"	"-1.426139e-03"	" -5.340597178"	"better"	"better"	"125.86"	"2"	"69.2"	"0.47"	"Il14H"	"Sweet_Corn"	"0.00470876209445496"	"63.2013514093104"
"11116.A09C088.1198172"	"2.02949843534747e-05"	"65.3422965940242"	"0.000555447519009666"	"84.8959937445723"	"-5.351525e-04"	"-19.553697151"	"better"	"better"	"125.86"	"10"	"69.5"	"0.12"	"Il14H"	"Sweet_Corn"	"0.00107709249760552"	"84.9187304056638"
"11116.A09C118.1197337"	"0.0029701807197377"	"67.6881381422393"	"0.00350378966590226"	"74.2660346549956"	"-5.336089e-04"	" -6.577896513"	"better"	"better"	"125.86"	"20"	"49.4"	"0.63"	"Il14H"	"Sweet_Corn"	"0.00264241912971252"	"56.2576184342852"
"11116.A09D082.1195664"	"0.000743355703451077"	"66.8231712745037"	"0.0011923579563506"	"77.7057310261601"	"-4.490023e-04"	"-10.882559752"	"better"	"better"	"125.86"	"8"	"73.2"	"0.09"	"M162W"	"Non_Stiff_Stalk"	"0.0010811558694155"	"74.8197100977701"
"11116.A10A082.1196965"	"0.000239181302319814"	"82.3570904325117"	"0.00158747079079915"	"93.1580815375185"	"-1.348289e-03"	"-10.800991105"	"better"	"better"	"125.86"	"8"	"73.2"	"0.09"	"Ky21"	"Non_Stiff_Stalk"	"0.00166286419013191"	"90.2962952068323"
"11116.A10D085.1193664"	"0.00300932627232801"	"67.7595896238679"	"0.00221539004774147"	"76.7064446500327"	" 7.939362e-04"	" -8.946855026"	"worse"	"better"	"125.86"	"9"	"71.2"	"0.03"	"Tx303"	"Mixed"	"0.00195317944383457"	"75.1377330194914"
"11116.A11C064.1194809"	"0.00158209470492754"	"52.2721864531072"	"0.00299629573009426"	"62.6439647251794"	"-1.414201e-03"	"-10.371778272"	"better"	"better"	"125.86"	"2"	"69.2"	"0.47"	"NC350"	"Tropical"	"0.00606387503376677"	"65.5066595049124"
"11116.A12B064.1195663"	"0.000570355981206877"	"51.3535190340965"	"0.00230018907085382"	"61.7693370127168"	"-1.729833e-03"	"-10.415817979"	"better"	"better"	"125.86"	"2"	"69.2"	"0.47"	"B73"	"Stiff_Stalk"	"0.00549396594192617"	"63.114870740259"
"11116.A12B085.1198210"	"0.000213113421435488"	"94.6016126023028"	"0.00063016766064176"	"97.4197240490306"	"-4.170542e-04"	" -2.818111447"	"better"	"better"	"125.86"	"9"	"71.2"	"0.03"	"CML277"	"Tropical"	"0.000981169756834193"	"95.1653131646934"
"11116.A12C103.1196971"	"2.78496600817227e-05"	"71.8605391352359"	"0.00012001449817724"	"80.2783835996231"	"-9.216484e-05"	" -8.417844464"	"similar"	"better"	"125.86"	"15"	"74.5"	"0.01"	"B73"	"Stiff_Stalk"	"0.00109768670536747"	"89.9805329454094"
"11116.A12D082.1194724"	"0.00548489282449304"	"84.2581231302395"	"0.00380453983803152"	"67.2732292052181"	" 1.680353e-03"	" 16.984893925"	"worse"	"worse"	"125.86"	"8"	"73.2"	"0.09"	"B73"	"Stiff_Stalk"	"0.00331044364463288"	"60.9388881867186"
"11116.A13A088.1197187"	"2.55482107316131e-05"	"55.5002468613243"	"0.000476104159318611"	"73.6996026390222"	"-4.505559e-04"	"-18.199355778"	"better"	"better"	"125.86"	"10"	"69.5"	"0.12"	"Mo18W"	"Mixed"	"0.000994691788390491"	"77.2773223008855"
"11116.A13B091.1194772"	"0.000127068453979825"	"98.4865542974581"	"0.000371914650806974"	"98.962060440042"	"-2.448462e-04"	" -0.475506143"	"better"	"similar"	"125.86"	"11"	"76.2"	"0.21"	"B97"	"Non_Stiff_Stalk"	"0.000987552082203586"	"96.2092119201481"
"11116.A14B073.1195558"	"0.00143698952851027"	"61.4910417687423"	"0.00159865954659949"	"68.1057619827532"	"-1.616700e-04"	" -6.614720214"	"better"	"better"	"125.86"	"5"	"67.7"	"0.07"	"Tzi8"	"Tropical"	"0.0019738662411802"	"59.9268334913471"
"11116.A14C097.1196350"	"0.000143489946145001"	"71.7207859472114"	"0.000365787086598289"	"83.6263263064713"	"-2.222971e-04"	"-11.905540359"	"better"	"better"	"125.86"	"13"	"68.3"	"0.07"	"M37W"	"Mixed"	"0.00124682608887782"	"89.189977027799"
"11116.A14D079.1198268"	"0.00172043884603802"	"66.847659488244"	"0.00326953491714751"	"68.4665246132929"	"-1.549096e-03"	" -1.618865125"	"better"	"better"	"125.86"	"7"	"80"	"0"	"Tzi8"	"Tropical"	"0.00371289847645566"	"64.5923529024872"
"11116.A15A073.1196300"	"0.00292212573314327"	"68.2581936298605"	"0.00430087107278633"	"67.617095863481"	"-1.378745e-03"	"  0.641097766"	"better"	"similar"	"125.86"	"5"	"67.7"	"0.07"	"Ki11"	"Tropical"	"0.00561492545407905"	"66.3243635886115"
"11116.A15C103.1197053"	"0.000889642744373438"	"69.7015948675743"	"0.000629067675385369"	"77.4881693368335"	" 2.605751e-04"	" -7.786574469"	"worse"	"better"	"125.86"	"15"	"74.5"	"0.01"	"Ki11"	"Tropical"	"0.00170196431366267"	"86.4965231038564"
"11116.A15D079.1195052"	"0.00330031947314765"	"69.301997089516"	"0.00443804570612745"	"70.4993141716888"	"-1.137726e-03"	" -1.197317082"	"better"	"better"	"125.86"	"7"	"80"	"0"	"Mo17"	"Non_Stiff_Stalk"	"0.0047101057382106"	"68.3048848809479"
"11116.A16A073.1194938"	"0.00201230505387744"	"59.7255626568562"	"0.00229049604936473"	"67.3461177758997"	"-2.781910e-04"	" -7.620555119"	"better"	"better"	"125.86"	"5"	"67.7"	"0.07"	"CML247"	"Tropical"	"0.00214002835931501"	"58.1908277968361"
"11116.A17B091.1194148"	"4.00362623852438e-05"	"92.7643046557844"	"0.000528742453328261"	"97.0016259994458"	"-4.887062e-04"	" -4.237321344"	"better"	"better"	"125.86"	"11"	"76.2"	"0.21"	"Mo17"	"Non_Stiff_Stalk"	"0.00128293539527169"	"95.0298073460547"
"11116.A18A076.1197394"	"0.00117299669089194"	"55.7644259362199"	"0.003913395688256"	"62.2141227853084"	"-2.740399e-03"	" -6.449696849"	"better"	"better"	"125.86"	"6"	"66.8"	"0.85"	"B97"	"Non_Stiff_Stalk"	"0.00497719193788158"	"59.6541260382895"
"11116.A18A079.1194658"	"0.00161732662940047"	"58.8599521872064"	"0.00270607597047859"	"66.4568342054904"	"-1.088749e-03"	" -7.596882018"	"better"	"better"	"125.86"	"7"	"80"	"0"	"B97"	"Non_Stiff_Stalk"	"0.00350162634014052"	"62.0302006077279"
"11116.A18A094.1198340"	"9.42693308809622e-05"	"96.6654815270454"	"0.000161635893357337"	"96.3575986335376"	"-6.736656e-05"	"  0.307882894"	"similar"	"similar"	"125.86"	"12"	"76"	"0.14"	"Hp301"	"Popcorn"	"0.000868209647757112"	"93.3061257386648"
"11116.A18C070.1194727"	"0.00162078428872487"	"64.7615606006719"	"0.00228059109503597"	"70.597199946446"	"-6.598068e-04"	" -5.835639346"	"better"	"better"	"125.86"	"4"	"64.8"	"0.4"	"B97"	"Non_Stiff_Stalk"	"0.00117897489205376"	"62.9691366276427"
"11116.A18C085.1196102"	"0.000588691150297886"	"65.0243999829097"	"0.000841423529505888"	"61.6333288812122"	"-2.527324e-04"	"  3.391071102"	"better"	"worse"	"125.86"	"9"	"71.2"	"0.03"	"CML69"	"Tropical"	"0.000978110759286413"	"60.0375657550515"
"11116.A18D091.1196873"	"0.000112278350141786"	"66.779660402022"	"0.000683209140584728"	"77.8883387158119"	"-5.709308e-04"	"-11.108678314"	"better"	"better"	"125.86"	"11"	"76.2"	"0.21"	"Hp301"	"Popcorn"	"0.00145119194212153"	"83.2605519572727"
"11116.A19D067.1196921"	"0.00447834797255891"	"67.4636127115541"	"0.00413751019541226"	"69.0808745706848"	" 3.408378e-04"	" -1.617261859"	"worse"	"better"	"125.86"	"3"	"54.5"	"0.91"	"CML69"	"Tropical"	"0.0047040297998175"	"66.107254583156"
"11116.A19D085.1198367"	"0.000321165345299442"	"93.4141588810699"	"0.000763329955126395"	"97.38750146064"	"-4.421646e-04"	" -3.973342580"	"better"	"better"	"125.86"	"9"	"71.2"	"0.03"	"Oh43"	"Non_Stiff_Stalk"	"0.00091210819240581"	"94.1364319435691"
"11116.A20A082.1197310"	"0.000507091990420448"	"89.4971725393469"	"0.000924258234808433"	"94.8572993987179"	"-4.171662e-04"	" -5.360126859"	"better"	"better"	"125.86"	"8"	"73.2"	"0.09"	"Hp301"	"Popcorn"	"0.000955604390858174"	"93.9379861216043"
"11116.A20B079.1197216"	"0.00247008915577242"	"60.9790745056933"	"0.0038061296156352"	"64.8382978594009"	"-1.336040e-03"	" -3.859223354"	"better"	"better"	"125.86"	"7"	"80"	"0"	"NC358"	"Tropical"	"0.00483424513587301"	"59.73925483287"
"11116.A20C118.1193655"	"0.00152941668360738"	"66.9027436754332"	"0.00191919157677037"	"81.2810130402726"	"-3.897749e-04"	"-14.378269365"	"better"	"better"	"125.86"	"20"	"49.4"	"0.63"	"Hp301"	"Popcorn"	"0.00164921047428902"	"58.0543239276999"
"11116.A21B067.1197361"	"0.000951571703996076"	"53.4990964542141"	"0.00168502857261103"	"59.7302756176657"	"-7.334569e-04"	" -6.231179163"	"better"	"better"	"125.86"	"3"	"54.5"	"0.91"	"Oh7B"	"Non_Stiff_Stalk"	"0.00239227458858276"	"56.4364861298882"
"11116.A21B079.1197864"	"0.00132029532209402"	"76.6626188536229"	"0.00169737077864756"	"77.944851888386"	"-3.770755e-04"	" -1.282233035"	"better"	"better"	"125.86"	"7"	"80"	"0"	"Oh7B"	"Non_Stiff_Stalk"	"0.00295493589267395"	"75.8469584904469"
"11116.A21B097.1198404"	"4.99753181418121e-06"	"76.9221659338303"	"0.000208161207734205"	"89.1655198993497"	"-2.031637e-04"	"-12.243353966"	"better"	"better"	"125.86"	"13"	"68.3"	"0.07"	"Oh7B"	"Non_Stiff_Stalk"	"0.000950523292006309"	"91.8241648079774"
"11116.A21B118.1194094"	"0.00139416566369557"	"64.4202818742684"	"0.00168710312217786"	"69.5628428991497"	"-2.929375e-04"	" -5.142561025"	"better"	"better"	"125.86"	"20"	"49.4"	"0.63"	"Oh7B"	"Non_Stiff_Stalk"	"0.00204905307035661"	"75.3069307112136"
"11116.A22C070.1193629"	"0.00457261974302473"	"59.6319911042576"	"0.00546568173734605"	"63.0301194757047"	"-8.930620e-04"	" -3.398128371"	"better"	"better"	"125.86"	"4"	"64.8"	"0.4"	"Oh7B"	"Non_Stiff_Stalk"	"0.00895805308186498"	"63.8676478506543"
"11116.A22C073.1195569"	"0.00336379795459651"	"61.8996878458544"	"0.00331066792395436"	"67.8590034297123"	" 5.313003e-05"	" -5.959315584"	"similar"	"better"	"125.86"	"5"	"67.7"	"0.07"	"Oh7B"	"Non_Stiff_Stalk"	"0.00447870931613656"	"62.7454932213258"
"11116.A22C082.1194985"	"0.000109171371011487"	"87.122352471219"	"0.00135655687293593"	"96.6045755929626"	"-1.247386e-03"	" -9.482223122"	"better"	"better"	"125.86"	"8"	"73.2"	"0.09"	"Oh7B"	"Non_Stiff_Stalk"	"0.0011564793681069"	"92.5752435485"
"11116.A22C088.1195279"	"0.000372234816609696"	"84.296023462013"	"0.00120587525106172"	"92.9846119723958"	"-8.336404e-04"	" -8.688588510"	"better"	"better"	"125.86"	"10"	"69.5"	"0.12"	"Oh7B"	"Non_Stiff_Stalk"	"0.00177081979545617"	"89.6832904956145"
"11116.A22D070.1193862"	"0.00216798473939236"	"73.4911436269138"	"0.00392048866069786"	"76.5420331196282"	"-1.752504e-03"	" -3.050889493"	"better"	"better"	"125.86"	"4"	"64.8"	"0.4"	"CML322"	"Tropical"	"0.00380418334972235"	"70.2967254829421"
"11116.A22D085.1194910"	"0.000411114285732052"	"87.443871184981"	"0.00062143228617497"	"93.4938937759016"	"-2.103180e-04"	" -6.050022591"	"better"	"better"	"125.86"	"9"	"71.2"	"0.03"	"CML247"	"Tropical"	"0.000937944585188929"	"91.2942438758411"
"11116.A23A091.1194129"	"0.000188757695900148"	"95.6800949947446"	"0.000291783124703665"	"97.2466554545238"	"-1.030254e-04"	" -1.566560460"	"better"	"better"	"125.86"	"11"	"76.2"	"0.21"	"B73"	"Stiff_Stalk"	"0.000980701379873766"	"95.6147243877829"
"11116.A23B070.1197945"	"0.00255186520882166"	"65.0548429854706"	"0.00569513686790553"	"70.6431296093224"	"-3.143272e-03"	" -5.588286624"	"better"	"better"	"125.86"	"4"	"64.8"	"0.4"	"B73"	"Stiff_Stalk"	"0.00616146644562478"	"64.9505285199715"
"11116.A23D076.1198032"	"0.00174577694894322"	"52.4729044565552"	"0.0038712754793726"	"64.9109907624652"	"-2.125499e-03"	"-12.438086306"	"better"	"better"	"125.86"	"6"	"66.8"	"0.85"	"B73"	"Stiff_Stalk"	"0.00423691635209006"	"60.397464067416"
"11116.A24B079.1196418"	"0.0043182800776177"	"61.9654152710871"	"0.00420732744170094"	"64.4502634834497"	" 1.109526e-04"	" -2.484848212"	"worse"	"better"	"125.86"	"7"	"80"	"0"	"CML228"	"Tropical"	"0.0047726528370653"	"60.6891457634705"
"11116.A25A067.1197747"	"0.00207610310989704"	"55.9029356571658"	"0.00183291823829533"	"61.3060007756118"	" 2.431849e-04"	" -5.403065118"	"worse"	"better"	"125.86"	"3"	"54.5"	"0.91"	"P39"	"Sweet_Corn"	"0.00338246963970331"	"58.488040800186"
"11116.A25A103.1197934"	"2.65298338331292e-05"	"74.1018934599543"	"0.00015623776968662"	"84.7629549388698"	"-1.297079e-04"	"-10.661061479"	"better"	"better"	"125.86"	"15"	"74.5"	"0.01"	"P39"	"Sweet_Corn"	"0.00112543012622756"	"90.9306556066466"
"11116.A25B076.1193837"	"0.00363445103169104"	"56.9375953969476"	"0.00245534502878572"	"55.8370464865822"	" 1.179106e-03"	"  1.100548910"	"worse"	"worse"	"125.86"	"6"	"66.8"	"0.85"	"P39"	"Sweet_Corn"	"0.00264646170423377"	"55.5435174747979"
"11116.A25C082.1198046"	"0.000100476601108154"	"79.1045360997673"	"0.00132471827250913"	"92.3043494030919"	"-1.224242e-03"	"-13.199813303"	"better"	"better"	"125.86"	"8"	"73.2"	"0.09"	"P39"	"Sweet_Corn"	"0.00128352695568566"	"88.4296234400579"
"11116.A26A064.1198133"	"0.000732885776917695"	"49.0268006213308"	"0.00195740175619278"	"56.5370562286697"	"-1.224516e-03"	" -7.510255607"	"better"	"better"	"125.86"	"2"	"69.2"	"0.47"	"CML333"	"Tropical"	"0.00657299681879476"	"62.6231255720465"
"11116.A26B100.1194303"	"0.000106961648623667"	"64.2609265246487"	"0.000163376178117853"	"73.2449331449328"	"-5.641453e-05"	" -8.984006620"	"similar"	"better"	"125.86"	"14"	"64.1"	"3.31"	"Tx303"	"Mixed"	"0.000725665545254535"	"71.9073248077319"
"11116.A26C088.1195870"	"6.42026724944936e-05"	"81.6210417486613"	"0.000691389472811526"	"92.2200425989534"	"-6.271868e-04"	"-10.599000850"	"better"	"better"	"125.86"	"10"	"69.5"	"0.12"	"CML333"	"Tropical"	"0.00125570705333467"	"91.0360148577107"
"11116.A26D076.1194374"	"0.00307119006818797"	"56.5193506132588"	"0.00645722378594366"	"68.023255540154"	"-3.386034e-03"	"-11.503904927"	"better"	"better"	"125.86"	"6"	"66.8"	"0.85"	"Tx303"	"Mixed"	"0.0070160914966286"	"63.0207375884711"
"11116.A27B076.1194341"	"0.000706626311125079"	"55.1471494755382"	"0.00182481045367723"	"58.1629476674621"	"-1.118184e-03"	" -3.015798192"	"better"	"better"	"125.86"	"6"	"66.8"	"0.85"	"CML333"	"Tropical"	"0.00291045078177533"	"57.5841016836046"
"11116.A27C100.1194038"	"0.000408682527590854"	"61.9455731555906"	"0.000505366625427837"	"68.0054511682414"	"-9.668410e-05"	" -6.059878013"	"similar"	"better"	"125.86"	"14"	"64.1"	"3.31"	"B73"	"Stiff_Stalk"	"0.00097257975932172"	"69.0010163821578"
"11116.A28A067.1194473"	"0.00253700981301999"	"79.0633098885992"	"0.002824839982824"	"79.5935193203125"	"-2.878302e-04"	" -0.530209432"	"better"	"similar"	"125.86"	"3"	"54.5"	"0.91"	"Mo17"	"Non_Stiff_Stalk"	"0.00215378899377469"	"77.0085910884054"
"11116.A29A082.1193821"	"8.93488473669291e-05"	"78.9972262742326"	"0.00105801198506006"	"91.6743527851367"	"-9.686631e-04"	"-12.677126511"	"better"	"better"	"125.86"	"8"	"73.2"	"0.09"	"CML322"	"Tropical"	"0.00109778148213419"	"89.0172888595237"
"11116.A29A094.1194132"	"1.36364526728675e-05"	"86.0220378443138"	"0.000267089567693201"	"92.0196933240652"	"-2.534531e-04"	" -5.997655480"	"better"	"better"	"125.86"	"12"	"76"	"0.14"	"CML322"	"Tropical"	"0.00110473464248723"	"93.2947284717075"
"11116.A29A097.1198462"	"0.000293241400461771"	"72.9137868113263"	"0.000487455852242059"	"85.114495525073"	"-1.942145e-04"	"-12.200708714"	"better"	"better"	"125.86"	"13"	"68.3"	"0.07"	"CML322"	"Tropical"	"0.00142785405428564"	"89.5227224859747"
"11116.A29A103.1194320"	"5.00227715254291e-05"	"67.3482409780577"	"0.000129815486186365"	"78.2956706303542"	"-7.979271e-05"	"-10.947429652"	"similar"	"better"	"125.86"	"15"	"74.5"	"0.01"	"CML322"	"Tropical"	"0.00111355409220882"	"88.4741973678825"
"11116.A29B067.1196027"	"0.00275652571928409"	"60.903363207512"	"0.00282329684724668"	"63.153648820455"	"-6.677113e-05"	" -2.250285613"	"similar"	"better"	"125.86"	"3"	"54.5"	"0.91"	"Oh43"	"Non_Stiff_Stalk"	"0.0050112518213651"	"62.7521709045694"
"11116.A29B079.1195428"	"0.00186642964452894"	"64.5871643278884"	"0.00146155298508104"	"66.6376562329386"	" 4.048767e-04"	" -2.050491905"	"worse"	"better"	"125.86"	"7"	"80"	"0"	"Oh43"	"Non_Stiff_Stalk"	"0.00150286897864669"	"62.6378028916353"
"11116.A29B082.1197813"	"0.00431514018062685"	"85.6640334987557"	"0.00289333867031804"	"67.393004890009"	" 1.421802e-03"	" 18.271028609"	"worse"	"worse"	"125.86"	"8"	"73.2"	"0.09"	"Oh43"	"Non_Stiff_Stalk"	"0.00251493847738426"	"63.289711067895"
"11116.A30C085.1197726"	"0.000176344806814432"	"85.6560317415527"	"0.000626512695617685"	"93.91325260147"	"-4.501679e-04"	" -8.257220860"	"better"	"better"	"125.86"	"9"	"71.2"	"0.03"	"B73"	"Stiff_Stalk"	"0.000970114873407926"	"92.9297179182676"
"11116.A30C103.1194540"	"1.60860237274252e-05"	"71.9713908620669"	"7.43626819787703e-05"	"77.7836087294918"	"-5.827666e-05"	" -5.812217867"	"similar"	"better"	"125.86"	"15"	"74.5"	"0.01"	"Tzi8"	"Tropical"	"0.000874089057909626"	"85.7207570947092"
"11116.A30C118.1195199"	"0.000385459570184178"	"96.9281087584605"	"0.00045451232581536"	"98.414201402897"	"-6.905276e-05"	" -1.486092644"	"similar"	"better"	"125.86"	"20"	"49.4"	"0.63"	"Tzi8"	"Tropical"	"0.000729473513770916"	"92.8066552556634"
"11116.A32C070.1197745"	"0.00162484568835017"	"55.7217433258822"	"0.00418504618693553"	"61.968330854756"	"-2.560200e-03"	" -6.246587529"	"better"	"better"	"125.86"	"4"	"64.8"	"0.4"	"CML103"	"Tropical"	"0.00476824425693081"	"59.0548351698165"
"11116.A33A097.1194224"	"0.0028995653334113"	"80.0843651399568"	"0.00284312447865086"	"70.6025673951115"	" 5.644085e-05"	"  9.481797745"	"similar"	"worse"	"125.86"	"13"	"68.3"	"0.07"	"CML228"	"Tropical"	"0.00260229527646505"	"62.4563070547428"
"11116.A33B076.1195540"	"0.0028521810656771"	"55.9857356293877"	"0.00469515011001531"	"65.4468166322056"	"-1.842969e-03"	" -9.461081003"	"better"	"better"	"125.86"	"6"	"66.8"	"0.85"	"B73"	"Stiff_Stalk"	"0.00549568696250792"	"61.2595184229254"
"11116.A33C088.1193662"	"0.000171768726607266"	"90.4435662634767"	"0.000402878556617312"	"96.3164673583094"	"-2.311098e-04"	" -5.872901095"	"better"	"better"	"125.86"	"10"	"69.5"	"0.12"	"CML228"	"Tropical"	"0.000962708243118538"	"94.1965956211804"
"11116.A33C103.1195078"	"0.000872434926837552"	"62.19076765109"	"0.000868074628208076"	"70.2108784858554"	" 4.360299e-06"	" -8.020110835"	"similar"	"better"	"125.86"	"15"	"74.5"	"0.01"	"CML228"	"Tropical"	"0.00159370798040331"	"82.7993799406771"
"11116.C03A64.1195237"	"0.0064233961200572"	"82.2621007321406"	"0.00584235246980639"	"79.2170574145093"	" 5.810437e-04"	"  3.045043318"	"worse"	"worse"	"237.63"	"12"	"76"	"0.14"	"Ki3"	"Tropical"	"0.00437987651158376"	"65.4214996594975"
"11116.C04A63.1195219"	"0.000362914625364131"	"64.5822822951681"	"0.000279015629623568"	"65.8947097241961"	" 8.389900e-05"	" -1.312427429"	"similar"	"better"	"237.63"	"12"	"76"	"0.14"	"CML52"	"Tropical"	"0.000766095130884588"	"62.4199121489966"
"11116.C05A63.1194497"	"0.00129089977381967"	"73.994660887373"	"0.00107011767853713"	"71.9276175036648"	" 2.207821e-04"	"  2.067043384"	"worse"	"worse"	"237.63"	"12"	"76"	"0.14"	"Mo17"	"Non_Stiff_Stalk"	"0.00115612550642874"	"60.1787067632776"
"11116.C09A65.1194371"	"0.0089904689092126"	"82.0144797322573"	"0.00848433885622165"	"80.81540441855"	" 5.061301e-04"	"  1.199075314"	"worse"	"worse"	"237.63"	"12"	"76"	"0.14"	"B73"	"Stiff_Stalk"	"0.00704642442198837"	"65.3346014825066"
"11116.C12A63.1195641"	"0.000230762561218769"	"67.4803650766879"	"0.000168002396766549"	"69.1284084044245"	" 6.276016e-05"	" -1.648043328"	"similar"	"better"	"237.63"	"12"	"76"	"0.14"	"Il14H"	"Sweet_Corn"	"0.000849897987933946"	"78.1253359841063"
"11116.C25A65.1197173"	"0.000346055343007823"	"71.9761839386496"	"0.00026541718667377"	"74.3956266855806"	" 8.063816e-05"	" -2.419442747"	"similar"	"better"	"237.63"	"12"	"76"	"0.14"	"NC350"	"Tropical"	"0.000971374303779575"	"80.8329062399769"
"11116.C28A62.1194887"	"0.000106612103465377"	"67.7015383584221"	"0.000172949310753713"	"71.1323533153879"	"-6.633721e-05"	" -3.430814957"	"similar"	"better"	"237.63"	"12"	"76"	"0.14"	"Ky21"	"Non_Stiff_Stalk"	"0.000910446886526064"	"78.5755755809828"
"11116.C30A62.1195065"	"0.000257368864753631"	"65.6414927549194"	"0.000171446176315654"	"65.3559067711297"	" 8.592269e-05"	"  0.285585984"	"similar"	"similar"	"237.63"	"12"	"76"	"0.14"	"Mo17"	"Non_Stiff_Stalk"	"0.000704894955545909"	"64.4741112067609"
"11116.C30A63.1195805"	"0.0092638958944287"	"83.7881737723622"	"0.00847440068690573"	"81.3140261689801"	" 7.894952e-04"	"  2.474147603"	"worse"	"worse"	"237.63"	"12"	"76"	"0.14"	"Mo17"	"Non_Stiff_Stalk"	"0.00684060014273469"	"68.3998436235831"
"11116.I01A075.1194975"	"0.00265802743114268"	"64.8007114838084"	"0.00247024286108538"	"64.2540437670017"	" 1.877846e-04"	"  0.546667717"	"worse"	"similar"	"120.16"	"5"	"67.7"	"0.07"	"B73"	"Stiff_Stalk"	"0.00403227764886739"	"64.7813227084424"
"11116.I01A080.1193986"	"0.00303977449265249"	"60.7383075621383"	"0.00275082843944999"	"62.3472900386781"	" 2.889461e-04"	" -1.608982477"	"worse"	"better"	"120.16"	"7"	"80"	"0"	"B73"	"Stiff_Stalk"	"0.00369227333058663"	"57.1809064815923"
"11116.I01A119.1196243"	"0.000300853776911445"	"88.839306233979"	"0.000370467166306077"	"80.0892709256822"	"-6.961339e-05"	"  8.750035308"	"similar"	"worse"	"120.16"	"20"	"49.4"	"0.63"	"B73"	"Stiff_Stalk"	"0.000922181245573393"	"91.8935158392495"
"11116.I03A065.1194028"	"0.0025290691507225"	"48.3890458195991"	"0.00233027993131372"	"51.4246619330265"	" 1.987892e-04"	" -3.035616113"	"worse"	"better"	"120.16"	"2"	"69.2"	"0.47"	"Ky21"	"Non_Stiff_Stalk"	"0.0066045758586315"	"60.0631483840158"
"11116.I03A085.1193647"	"0.00279398974265119"	"64.262587129443"	"0.00267692781793389"	"70.5494338744184"	" 1.170619e-04"	" -6.286846745"	"worse"	"better"	"120.16"	"9"	"71.2"	"0.03"	"Ky21"	"Non_Stiff_Stalk"	"0.00258246984349708"	"70.0688103915275"
"11116.I03A088.1198417"	"0.000521470397466634"	"62.1865658638395"	"0.000304690543147028"	"68.886721584759"	" 2.167799e-04"	" -6.700155721"	"worse"	"better"	"120.16"	"10"	"69.5"	"0.12"	"Ky21"	"Non_Stiff_Stalk"	"0.000739011892037735"	"71.9141972247588"
"11116.I03A098.1197529"	"0.000197753461411053"	"93.1990053814468"	"0.000210890686787981"	"94.7577027537406"	"-1.313723e-05"	" -1.558697372"	"similar"	"better"	"120.16"	"13"	"68.3"	"0.07"	"Ky21"	"Non_Stiff_Stalk"	"0.000942432466959256"	"94.5779600295752"
"11116.I03A118.1195197"	"0.000317877870326625"	"79.4357549570624"	"0.000351636273529876"	"77.3383338324315"	"-3.375840e-05"	"  2.097421125"	"similar"	"worse"	"120.16"	"20"	"49.4"	"0.63"	"Ky21"	"Non_Stiff_Stalk"	"0.000907450397232425"	"90.7057277410716"
"11116.I04A075.1196401"	"0.00234643369593334"	"70.5965156182399"	"0.0030184417484859"	"71.0030401146256"	"-6.720081e-04"	" -0.406524496"	"better"	"similar"	"120.16"	"5"	"67.7"	"0.07"	"Oh43"	"Non_Stiff_Stalk"	"0.00434171909141855"	"65.687890323427"
"11116.I04A098.1194647"	"4.09306062882047e-05"	"74.6939795391441"	"0.000272004886008385"	"84.5958567927122"	"-2.310743e-04"	" -9.901877254"	"better"	"better"	"120.16"	"13"	"68.3"	"0.07"	"Oh43"	"Non_Stiff_Stalk"	"0.000924578414832742"	"90.100140705611"
"11116.I04A120.1198140"	"0.00493122606619819"	"99.8599215611933"	"0.00412878569499904"	"99.7685810785631"	" 8.024404e-04"	"  0.091340483"	"worse"	"similar"	"120.16"	"20"	"49.4"	"0.63"	"Oh43"	"Non_Stiff_Stalk"	"0.00537776233298638"	"96.6432715677316"
"11116.I05A073.1195721"	"0.00139142597370352"	"52.0414685322527"	"0.00155973539452326"	"51.2303543378732"	"-1.683094e-04"	"  0.811114194"	"better"	"similar"	"120.16"	"5"	"67.7"	"0.07"	"MS71"	"Non_Stiff_Stalk"	"0.00295042441390642"	"52.7539378721964"
"11116.I05A076.1195402"	"0.00253698200718762"	"48.2869475782043"	"0.00383706301855715"	"49.2347146191092"	"-1.300081e-03"	" -0.947767041"	"better"	"similar"	"120.16"	"6"	"66.8"	"0.85"	"MS71"	"Non_Stiff_Stalk"	"0.00439104258637498"	"47.4032115700641"
"11116.I05A084.1197927"	"0.000453120389882742"	"86.1678283853989"	"0.00115004584096184"	"93.2572799656484"	"-6.969255e-04"	" -7.089451580"	"better"	"better"	"120.16"	"8"	"73.2"	"0.09"	"MS71"	"Non_Stiff_Stalk"	"0.000896201592885385"	"89.7960244244543"
"11116.I05A102.1196011"	"5.77470001091298e-05"	"76.5359760125359"	"0.000219941124164747"	"80.3439556776374"	"-1.621941e-04"	" -3.807979665"	"better"	"better"	"120.16"	"14"	"64.1"	"3.31"	"MS71"	"Non_Stiff_Stalk"	"0.000956175809505977"	"91.2699329921395"
"11116.I05A118.1194233"	"0.000151404761112111"	"60.5661153155151"	"0.000341408843873653"	"69.7818578369552"	"-1.900041e-04"	" -9.215742521"	"better"	"better"	"120.16"	"20"	"49.4"	"0.63"	"MS71"	"Non_Stiff_Stalk"	"0.000762163723517561"	"75.8704370795265"
"11116.I06A086.1197790"	"0.00240589523850933"	"55.6440889417438"	"0.00229010508955041"	"53.8891603415859"	" 1.157901e-04"	"  1.754928600"	"worse"	"worse"	"120.16"	"9"	"71.2"	"0.03"	"Mo17"	"Non_Stiff_Stalk"	"0.0025526376545543"	"51.8827494681126"
"11116.I06A088.1193829"	"0.000368735089682864"	"60.9563545820422"	"0.000444191598195532"	"72.7790210228107"	"-7.545651e-05"	"-11.822666441"	"similar"	"better"	"120.16"	"10"	"69.5"	"0.12"	"Mo17"	"Non_Stiff_Stalk"	"0.000786343792290756"	"73.4400906020553"
"11116.I06A119.1194304"	"0.000813948811333548"	"83.6864043318167"	"0.000915337018647396"	"80.4225583651923"	"-1.013882e-04"	"  3.263845967"	"better"	"worse"	"120.16"	"20"	"49.4"	"0.63"	"Mo17"	"Non_Stiff_Stalk"	"0.00165044659945898"	"90.1844472048246"
"11116.I07A081.1198376"	"0.00252483959570179"	"60.176175254639"	"0.0032158767854561"	"63.537302471021"	"-6.910372e-04"	" -3.361127216"	"better"	"better"	"120.16"	"7"	"80"	"0"	"CML52"	"Tropical"	"0.00433709014143648"	"61.0978825991623"
"11116.I07A085.1198029"	"0.000393256364744036"	"63.0967627601059"	"0.000443641978612638"	"75.016420567312"	"-5.038561e-05"	"-11.919657807"	"similar"	"better"	"120.16"	"9"	"71.2"	"0.03"	"CML52"	"Tropical"	"0.000761188366361469"	"74.8528780179457"
"11116.I07A118.1197752"	"0.000431985262788961"	"76.1613451810376"	"0.000277803387527926"	"74.9415773134939"	" 1.541819e-04"	"  1.219767868"	"worse"	"worse"	"120.16"	"20"	"49.4"	"0.63"	"CML52"	"Tropical"	"0.00156161287697733"	"85.4068475394873"
"11116.I08A067.1198395"	"0.00444154178517804"	"61.0431858873212"	"0.00389146705422296"	"56.6927479526965"	" 5.500747e-04"	"  4.350437935"	"worse"	"worse"	"120.16"	"3"	"54.5"	"0.91"	"CML277"	"Tropical"	"0.0069997936049764"	"63.1836023900623"
"11116.I08A074.1196264"	"0.00207336293036817"	"73.1254784747395"	"0.00279923872175482"	"73.9574274511127"	"-7.258758e-04"	" -0.831948976"	"better"	"similar"	"120.16"	"5"	"67.7"	"0.07"	"CML277"	"Tropical"	"0.00437248289853365"	"74.8301654483958"
"11116.I08A120.1194488"	"0.00410615510654709"	"83.5408247788509"	"0.00447780335638637"	"88.1144830366831"	"-3.716482e-04"	" -4.573658258"	"better"	"better"	"120.16"	"20"	"49.4"	"0.63"	"CML277"	"Tropical"	"0.00286946009040413"	"61.1005002008008"
"11116.I09A071.1195898"	"0.00217792315757368"	"54.4381602995843"	"0.00140196207169744"	"57.9018626549279"	" 7.759611e-04"	" -3.463702355"	"worse"	"better"	"120.16"	"4"	"64.8"	"0.4"	"Il14H"	"Sweet_Corn"	"0.00212196429958437"	"50.9377389258082"
"11116.I09A079.1195993"	"0.00477158667459555"	"67.5386003506261"	"0.00624769553019978"	"65.6765700673209"	"-1.476109e-03"	"  1.862030283"	"better"	"worse"	"120.16"	"7"	"80"	"0"	"Il14H"	"Sweet_Corn"	"0.00744176765348258"	"63.3649996365836"
"11116.I09A083.1196037"	"0.000446134679295993"	"88.4667573522118"	"0.00121822121006826"	"92.4217262043928"	"-7.720865e-04"	" -3.954968852"	"better"	"better"	"120.16"	"8"	"73.2"	"0.09"	"Il14H"	"Sweet_Corn"	"0.000952305589364459"	"89.000786810193"
"11116.I09A086.1196667"	"0.00224903753830468"	"68.1583687097397"	"0.00249837568542425"	"74.1516686297667"	"-2.493381e-04"	" -5.993299920"	"better"	"better"	"120.16"	"9"	"71.2"	"0.03"	"Il14H"	"Sweet_Corn"	"0.00283830103314814"	"74.2038857878663"
"11116.I10A067.1195667"	"0.00301184129887237"	"57.0906617975958"	"0.00286829653565717"	"58.2237812061282"	" 1.435448e-04"	" -1.133119409"	"worse"	"better"	"120.16"	"3"	"54.5"	"0.91"	"M162W"	"Non_Stiff_Stalk"	"0.00295941815484382"	"53.1765009769803"
"11116.I10A085.1197118"	"0.000875198235006273"	"58.5459604567277"	"0.00144404803783165"	"62.3434824117874"	"-5.688498e-04"	" -3.797521955"	"better"	"better"	"120.16"	"9"	"71.2"	"0.03"	"M162W"	"Non_Stiff_Stalk"	"0.00166340081305286"	"62.4369977676097"
"11116.I10A118.1196783"	"0.00103314890091776"	"89.5090998284179"	"0.00109566207583589"	"86.6753845692207"	"-6.251317e-05"	"  2.833715259"	"similar"	"worse"	"120.16"	"20"	"49.4"	"0.63"	"M162W"	"Non_Stiff_Stalk"	"0.00175425854742463"	"90.9946772006438"
"11116.I11A074.1198274"	"0.00443174537022832"	"68.1393029656084"	"0.00504419307661067"	"68.5542155573788"	"-6.124477e-04"	" -0.414912592"	"better"	"similar"	"120.16"	"5"	"67.7"	"0.07"	"NC350"	"Tropical"	"0.00681889539390213"	"66.3646340299022"
"11116.I11A087.1197988"	"0.0035611221436564"	"67.6953448085814"	"0.00311983270765551"	"55.9864892029634"	" 4.412894e-04"	" 11.708855606"	"worse"	"worse"	"120.16"	"9"	"71.2"	"0.03"	"NC350"	"Tropical"	"0.00301884750215076"	"49.1483988191157"
"11116.I11A090.1195305"	"0.000345058617850828"	"93.9794316157501"	"0.000408395894332015"	"96.0994951321173"	"-6.333728e-05"	" -2.120063516"	"similar"	"better"	"120.16"	"10"	"69.5"	"0.12"	"NC350"	"Tropical"	"0.000947703844403412"	"93.8532770795905"
"11116.I11A098.1197916"	"0.000151860955655841"	"66.8078205751426"	"0.000100423179724195"	"71.3411717010793"	" 5.143778e-05"	" -4.533351126"	"similar"	"better"	"120.16"	"13"	"68.3"	"0.07"	"NC350"	"Tropical"	"0.000619143930789555"	"79.2557016794003"
"11116.I11A102.1196665"	"0.000503375150053374"	"69.1981183489807"	"0.000497152351303571"	"75.4524532556865"	" 6.222799e-06"	" -6.254334907"	"similar"	"better"	"120.16"	"14"	"64.1"	"3.31"	"NC350"	"Tropical"	"0.000765467555584161"	"74.1434876613445"
"11116.I12A066.1193789"	"0.00230112828858101"	"51.2749880974776"	"0.00293547537273957"	"57.7828852978698"	"-6.343471e-04"	" -6.507897200"	"better"	"better"	"120.16"	"2"	"69.2"	"0.47"	"B73"	"Stiff_Stalk"	"0.00815164338079528"	"63.9574265131939"
"11116.I12A068.1197045"	"0.00160991123899547"	"65.5795992840654"	"0.00288558442216924"	"70.5087100999123"	"-1.275673e-03"	" -4.929110816"	"better"	"better"	"120.16"	"3"	"54.5"	"0.91"	"B73"	"Stiff_Stalk"	"0.00145307339050608"	"57.256126016522"
"11116.I12A094.1194780"	"0.000175891007441913"	"84.4122617535477"	"0.000166077519718136"	"88.0026660685688"	" 9.813488e-06"	" -3.590404315"	"similar"	"better"	"120.16"	"12"	"76"	"0.14"	"B73"	"Stiff_Stalk"	"0.000932969177621369"	"90.7026997506543"
"11116.I12A102.1198027"	"5.5868587305929e-05"	"75.6715327132698"	"0.000190946804422712"	"79.6680874365118"	"-1.350782e-04"	" -3.996554723"	"better"	"better"	"120.16"	"14"	"64.1"	"3.31"	"B73"	"Stiff_Stalk"	"0.000948236154320889"	"89.2504697270689"
"11116.I12A120.1195888"	"0.000926661271790785"	"58.1588505676198"	"0.00110111595660211"	"69.6604345195065"	"-1.744547e-04"	"-11.501583952"	"better"	"better"	"120.16"	"20"	"49.4"	"0.63"	"B73"	"Stiff_Stalk"	"0.00144612827401383"	"58.889582229155"
"11116.I13A074.1193644"	"0.00450370333469316"	"63.1165112785732"	"0.003208022760985"	"61.1457966728245"	" 1.295681e-03"	"  1.970714606"	"worse"	"worse"	"120.16"	"5"	"67.7"	"0.07"	"Mo18W"	"Mixed"	"0.00330027022908334"	"56.4788059651091"
"11116.I13A120.1195350"	"0.000334861585231819"	"64.6239094898559"	"0.000286315124443645"	"70.2568208480747"	" 4.854646e-05"	" -5.632911358"	"similar"	"better"	"120.16"	"20"	"49.4"	"0.63"	"Mo18W"	"Mixed"	"0.000887747775972724"	"72.0782779469329"
"11116.I14A090.1197716"	"0.000270517476221473"	"65.6555730491866"	"0.000356996337342122"	"76.1573490012597"	"-8.647886e-05"	"-10.501775952"	"similar"	"better"	"120.16"	"10"	"69.5"	"0.12"	"M37W"	"Mixed"	"0.000838051448002219"	"80.0609903168506"
"11116.I15A080.1196359"	"0.00279368403768577"	"83.1586492602698"	"0.00233084232108114"	"80.9317880409531"	" 4.628417e-04"	"  2.226861219"	"worse"	"worse"	"120.16"	"7"	"80"	"0"	"Ki11"	"Tropical"	"0.0025504187740186"	"76.5155174319138"
"11116.I15A093.1195246"	"0.00164356310421214"	"63.4052304434874"	"0.00139843795207395"	"63.9916140309592"	" 2.451252e-04"	" -0.586383587"	"worse"	"similar"	"120.16"	"11"	"76.2"	"0.21"	"Ki11"	"Tropical"	"0.00127374556286983"	"57.9215146972812"
"11116.I15A095.1196706"	"0.000377510582511541"	"95.2539635851218"	"0.000215108695546699"	"95.8839099700249"	" 1.624019e-04"	" -0.629946385"	"worse"	"similar"	"120.16"	"12"	"76"	"0.14"	"Ki11"	"Tropical"	"0.000969144643629401"	"94.8548263981606"
"11116.I15A101.1196613"	"5.00139078834512e-05"	"71.6599149363604"	"0.00016824912923825"	"73.2515976485518"	"-1.182352e-04"	" -1.591682712"	"better"	"better"	"120.16"	"14"	"64.1"	"3.31"	"Ki11"	"Tropical"	"0.000917035953286515"	"89.7980247658754"
"11116.I16A077.1195837"	"0.00364552037348461"	"64.6050088389584"	"0.00213584387563861"	"55.4260135800412"	" 1.509676e-03"	"  9.178995259"	"worse"	"worse"	"120.16"	"6"	"66.8"	"0.85"	"CML247"	"Tropical"	"0.00236206107427102"	"52.3653945545772"
"11116.I16A079.1195414"	"0.00124243096552175"	"53.4615356027796"	"0.0022459975294928"	"57.2976553545729"	"-1.003567e-03"	" -3.836119752"	"better"	"better"	"120.16"	"7"	"80"	"0"	"CML247"	"Tropical"	"0.00355240023462807"	"55.6980490058556"
"11116.I16A083.1194553"	"0.000539047705179935"	"64.8232430434459"	"0.00095882597396011"	"76.0088477117899"	"-4.197783e-04"	"-11.185604668"	"better"	"better"	"120.16"	"8"	"73.2"	"0.09"	"CML247"	"Tropical"	"0.000826720958478922"	"74.5029891994841"
"11116.I16A089.1196999"	"0.000296119451611745"	"81.5323146506177"	"0.000323795441245806"	"89.3138509999635"	"-2.767599e-05"	" -7.781536349"	"similar"	"better"	"120.16"	"10"	"69.5"	"0.12"	"CML247"	"Tropical"	"0.000864300674752998"	"89.2662856175013"
"11116.I16A093.1194749"	"0.00403749622650949"	"73.110637453193"	"0.00425359236312252"	"69.6038347502174"	"-2.160961e-04"	"  3.506802703"	"better"	"worse"	"120.16"	"11"	"76.2"	"0.21"	"CML247"	"Tropical"	"0.0034540139816829"	"60.5560238560569"
"11116.I16A118.1194530"	"0.000891812274751142"	"68.98920997841"	"0.00097091236860346"	"70.097539415857"	"-7.910009e-05"	" -1.108329437"	"similar"	"better"	"120.16"	"20"	"49.4"	"0.63"	"CML247"	"Tropical"	"0.00154383460817824"	"81.9198443781029"
"11116.I18A066.1197035"	"0.000970734963716118"	"46.2188738546388"	"0.00182413453160247"	"51.6634573189809"	"-8.533996e-04"	" -5.444583464"	"better"	"better"	"120.16"	"2"	"69.2"	"0.47"	"B97"	"Non_Stiff_Stalk"	"0.00430141588861818"	"59.8288009854891"
"11116.I18A099.1195841"	"0.00310451144862448"	"75.1167455601782"	"0.00314263312066511"	"69.0804503000522"	"-3.812167e-05"	"  6.036295260"	"similar"	"worse"	"120.16"	"13"	"68.3"	"0.07"	"B97"	"Non_Stiff_Stalk"	"0.00191897119511808"	"56.9379017384855"
"11116.I19A074.1193772"	"0.00359461891573407"	"62.4234190065453"	"0.0044068312695244"	"63.7945007064477"	"-8.122124e-04"	" -1.371081700"	"better"	"better"	"120.16"	"5"	"67.7"	"0.07"	"CML69"	"Tropical"	"0.00565392195232867"	"66.4615884444496"
"11116.I19A079.1197043"	"0.00172972597702983"	"54.5315588477627"	"0.00247487597784002"	"56.7744891606936"	"-7.451500e-04"	" -2.242930313"	"better"	"better"	"120.16"	"7"	"80"	"0"	"CML69"	"Tropical"	"0.00297610412099949"	"54.6705790665618"
"11116.I19A084.1194804"	"0.000595649009640682"	"92.311951154889"	"0.00121878653312955"	"95.5469123859334"	"-6.231375e-04"	" -3.234961231"	"better"	"better"	"120.16"	"8"	"73.2"	"0.09"	"CML69"	"Tropical"	"0.00110293711214295"	"92.726866681043"
"11116.I19A093.1194585"	"0.000213196923486183"	"61.2043991530833"	"0.000288890040469286"	"67.2141184117714"	"-7.569312e-05"	" -6.009719259"	"similar"	"better"	"120.16"	"11"	"76.2"	"0.21"	"CML69"	"Tropical"	"0.000680946006479726"	"75.9577176498511"
"11116.I19A098.1194505"	"0.000115734189604873"	"58.5341802091202"	"0.000186801839726273"	"61.0006051792395"	"-7.106765e-05"	" -2.466424970"	"similar"	"better"	"120.16"	"13"	"68.3"	"0.07"	"CML69"	"Tropical"	"0.00057846002174164"	"69.2652768109984"
"11116.I19A102.1197590"	"8.11435933279447e-05"	"67.1340105087272"	"0.000105871695868746"	"73.9119125399758"	"-2.472810e-05"	" -6.777902031"	"similar"	"better"	"120.16"	"14"	"64.1"	"3.31"	"CML69"	"Tropical"	"0.000813093196242296"	"82.7426399036807"
"11116.I20A065.1197929"	"0.000578130213883496"	"50.0915490567496"	"0.00177011787764477"	"59.9440109366039"	"-1.191988e-03"	" -9.852461880"	"better"	"better"	"120.16"	"2"	"69.2"	"0.47"	"Hp301"	"Popcorn"	"0.00368131263855566"	"61.9626903978637"
"11116.I20A076.1194055"	"0.00286085731707715"	"52.4317685563496"	"0.00400588797721762"	"64.6054075743953"	"-1.145031e-03"	"-12.173639018"	"better"	"better"	"120.16"	"6"	"66.8"	"0.85"	"Hp301"	"Popcorn"	"0.00508593782462235"	"58.7902550731352"
"11116.I20A086.1195931"	"0.000186192882600898"	"67.2388977706616"	"0.000345726505467719"	"77.5546721209509"	"-1.595336e-04"	"-10.315774350"	"better"	"better"	"120.16"	"9"	"71.2"	"0.03"	"Hp301"	"Popcorn"	"0.000696197445831206"	"78.1287407746103"
"11116.I20A099.1197508"	"5.16973566543155e-05"	"62.2244849419915"	"8.31897727856834e-05"	"65.4653505374076"	"-3.149242e-05"	" -3.240865595"	"similar"	"better"	"120.16"	"13"	"68.3"	"0.07"	"Hp301"	"Popcorn"	"0.000685564479571588"	"72.4119904920138"
"11116.I20A105.1195897"	"0.000494824038729939"	"76.4851694515857"	"0.000563847367502496"	"72.8936941585928"	"-6.902333e-05"	"  3.591475293"	"similar"	"worse"	"120.16"	"15"	"74.5"	"0.01"	"Hp301"	"Popcorn"	"0.000632204673861377"	"58.3701784198329"
"11116.I21A064.1197674"	"0.000916442056021331"	"48.0002955303505"	"0.00153495955673202"	"52.9666969666273"	"-6.185175e-04"	" -4.966401436"	"better"	"better"	"120.16"	"2"	"69.2"	"0.47"	"NC358"	"Tropical"	"0.00607817477782403"	"60.8196919898177"
"11116.I21A067.1194676"	"0.00136665233935355"	"59.9544688490773"	"0.00196654562116091"	"62.3271978286641"	"-5.998933e-04"	" -2.372728980"	"better"	"better"	"120.16"	"3"	"54.5"	"0.91"	"NC358"	"Tropical"	"0.0023637958114709"	"55.3720250081365"
"11116.I21A074.1195716"	"0.00213501003918041"	"90.516456283769"	"0.00284879270349136"	"90.8930927605824"	"-7.137827e-04"	" -0.376636477"	"better"	"similar"	"120.16"	"5"	"67.7"	"0.07"	"NC358"	"Tropical"	"0.00373787375484008"	"89.5814337984366"
"11116.I21A077.1194016"	"0.00544194339325653"	"52.8308245291142"	"0.00689886898189187"	"63.0330284926999"	"-1.456926e-03"	"-10.202203964"	"better"	"better"	"120.16"	"6"	"66.8"	"0.85"	"NC358"	"Tropical"	"0.00773526810655397"	"59.0591904294217"
"11116.I21A084.1196656"	"0.000628560832687029"	"72.4440401609611"	"0.00111605806379745"	"82.2230277076561"	"-4.874972e-04"	" -9.778987547"	"better"	"better"	"120.16"	"8"	"73.2"	"0.09"	"NC358"	"Tropical"	"0.000883752673762236"	"82.1023291220162"
"11116.I21A091.1197157"	"0.00212007992966238"	"56.2892945642024"	"0.00256368983080406"	"55.9393287412367"	"-4.436099e-04"	"  0.349965823"	"better"	"similar"	"120.16"	"11"	"76.2"	"0.21"	"NC358"	"Tropical"	"0.00232421716821686"	"56.2167807132506"
"11116.I21A096.1193817"	"0.00038073732147035"	"95.7210298754443"	"0.000219885689422459"	"96.746167375632"	" 1.608516e-04"	" -1.025137500"	"worse"	"better"	"120.16"	"12"	"76"	"0.14"	"NC358"	"Tropical"	"0.0010015078983489"	"95.3472519789771"
"11116.I21A098.1194147"	"0.00440336279703748"	"85.5348915028514"	"0.00430169647378715"	"82.1557636819247"	" 1.016663e-04"	"  3.379127821"	"worse"	"worse"	"120.16"	"13"	"68.3"	"0.07"	"NC358"	"Tropical"	"0.00285619252828567"	"72.7589405254259"
"11116.I21A102.1196305"	"5.98916793193616e-05"	"69.17174211617"	"0.000176217748783096"	"73.7146662393255"	"-1.163261e-04"	" -4.542924123"	"better"	"better"	"120.16"	"14"	"64.1"	"3.31"	"NC358"	"Tropical"	"0.000903817635754274"	"86.9093979334193"
"11116.I22A102.1198322"	"4.28463610693514e-05"	"64.7249234929916"	"0.000235830128281958"	"70.2905596372339"	"-1.929838e-04"	" -5.565636144"	"better"	"better"	"120.16"	"14"	"64.1"	"3.31"	"Oh7B"	"Non_Stiff_Stalk"	"0.000907396349925111"	"85.2438064229739"
"11116.I22A105.1197160"	"2.39611223993632e-05"	"75.9164382902983"	"0.000341242374628066"	"83.4802886132244"	"-3.172813e-04"	" -7.563850323"	"better"	"better"	"120.16"	"15"	"74.5"	"0.01"	"Oh7B"	"Non_Stiff_Stalk"	"0.000932165384867228"	"90.5436618721342"
"11116.I23A068.1196368"	"0.00276164922661297"	"79.9606516185654"	"0.00289486181341301"	"82.2625532555864"	"-1.332126e-04"	" -2.301901637"	"better"	"better"	"120.16"	"3"	"54.5"	"0.91"	"B73"	"Stiff_Stalk"	"0.00222678351696432"	"73.3225423164254"
"11116.I23A086.1197611"	"0.00231330774238577"	"59.0234425367413"	"0.00202275400236021"	"58.1039403730059"	" 2.905537e-04"	"  0.919502164"	"worse"	"similar"	"120.16"	"9"	"71.2"	"0.03"	"B73"	"Stiff_Stalk"	"0.00221734721795357"	"59.8802272401652"
"11116.I23A090.1195576"	"0.000260218707798779"	"75.5216115533517"	"0.000333864598573172"	"84.6479499241125"	"-7.364589e-05"	" -9.126338371"	"similar"	"better"	"120.16"	"10"	"69.5"	"0.12"	"B73"	"Stiff_Stalk"	"0.000898153071968652"	"86.9277454488886"
"11116.I23A091.1194756"	"0.00262677311148441"	"74.7101748315386"	"0.00272764119477894"	"68.666221952215"	"-1.008681e-04"	"  6.043952879"	"better"	"worse"	"120.16"	"11"	"76.2"	"0.21"	"B73"	"Stiff_Stalk"	"0.00212900737590265"	"55.5057734780048"
"11116.I24A066.1196835"	"0.00662584011292972"	"54.5324833121141"	"0.00506078379941722"	"58.0997774260986"	" 1.565056e-03"	" -3.567294114"	"worse"	"better"	"120.16"	"2"	"69.2"	"0.47"	"Tx303"	"Mixed"	"0.0109131055242442"	"64.7985285838406"
"11116.I24A099.1194482"	"0.000170007978015074"	"81.715758309118"	"0.000110592762586365"	"86.5068647599838"	" 5.941522e-05"	" -4.791106451"	"similar"	"better"	"120.16"	"13"	"68.3"	"0.07"	"Tx303"	"Mixed"	"0.000921112065208501"	"90.5884846073355"
"11116.I24A104.1197865"	"8.31400377830067e-05"	"88.8561506177776"	"0.000126725571354193"	"89.9853191454564"	"-4.358553e-05"	" -1.129168528"	"similar"	"better"	"120.16"	"15"	"74.5"	"0.01"	"Tx303"	"Mixed"	"0.000967314971645997"	"92.8536916093407"
"11116.I25A085.1196092"	"0.00355517008814064"	"56.6965185603697"	"0.00364776736392905"	"58.7170738928337"	"-9.259728e-05"	" -2.020555332"	"similar"	"better"	"120.16"	"9"	"71.2"	"0.03"	"P39"	"Sweet_Corn"	"0.00392877252171727"	"59.2633508843906"
"11116.I25A101.1195039"	"0.000443495799764442"	"76.0854050215557"	"0.000370453203006575"	"78.4175431151894"	" 7.304260e-05"	" -2.332138094"	"similar"	"better"	"120.16"	"14"	"64.1"	"3.31"	"P39"	"Sweet_Corn"	"0.000697650024160639"	"65.6710038331359"
"11116.I25A119.1198455"	"0.00128813612058833"	"83.7759225064819"	"0.0013600756806958"	"79.9985497931443"	"-7.193956e-05"	"  3.777372713"	"similar"	"worse"	"120.16"	"20"	"49.4"	"0.63"	"P39"	"Sweet_Corn"	"0.00193220394632756"	"89.5866276132315"
"11116.I26A074.1194972"	"0.00230639444190733"	"56.5614111455897"	"0.00365503394363562"	"58.9871897282765"	"-1.348640e-03"	" -2.425778583"	"better"	"better"	"120.16"	"5"	"67.7"	"0.07"	"CML333"	"Tropical"	"0.0054103014431078"	"61.7697922239494"
"11116.I26A081.1194014"	"0.00390276657141918"	"72.8221966790765"	"0.00263223481666956"	"68.1215865884792"	" 1.270532e-03"	"  4.700610091"	"worse"	"worse"	"120.16"	"7"	"80"	"0"	"CML333"	"Tropical"	"0.0024648102475304"	"65.8177622966847"
"11116.I26A097.1197987"	"2.8945519231375e-05"	"83.4986723913466"	"0.000273356207693147"	"89.8699328701316"	"-2.444107e-04"	" -6.371260479"	"better"	"better"	"120.16"	"13"	"68.3"	"0.07"	"CML333"	"Tropical"	"0.00097109522844869"	"93.2333765499475"
"11116.I26A105.1194393"	"1.22464673836752e-05"	"88.8145239410883"	"0.000244790128803979"	"91.7889156366575"	"-2.325437e-04"	" -2.974391696"	"better"	"better"	"120.16"	"15"	"74.5"	"0.01"	"CML333"	"Tropical"	"0.000966392740316193"	"94.514823320766"
"11116.I27A064.1196337"	"0.00100794138312315"	"52.0585134614323"	"0.00287153030939688"	"59.6876219189062"	"-1.863589e-03"	" -7.629108457"	"better"	"better"	"120.16"	"2"	"69.2"	"0.47"	"CML228"	"Tropical"	"0.00437848342110553"	"62.5565460298323"
"11116.I27A068.1193675"	"0.00411796751369831"	"59.7264428323865"	"0.0036057269974491"	"59.5492884983343"	" 5.122405e-04"	"  0.177154334"	"worse"	"similar"	"120.16"	"3"	"54.5"	"0.91"	"CML228"	"Tropical"	"0.00444366019369375"	"58.8668254382958"
"11116.I27A083.1194701"	"0.000471290322961873"	"92.907218604909"	"0.00107552513440205"	"96.3309367195701"	"-6.042348e-04"	" -3.423718115"	"better"	"better"	"120.16"	"8"	"73.2"	"0.09"	"CML228"	"Tropical"	"0.000969781959206075"	"93.602055957126"
"11116.I27A085.1193974"	"0.000338479316763148"	"59.959793105945"	"0.000367412933391686"	"71.276286589372"	"-2.893362e-05"	"-11.316493483"	"similar"	"better"	"120.16"	"9"	"71.2"	"0.03"	"CML228"	"Tropical"	"0.000619214400663744"	"71.7303383278164"
"11116.I28A074.1196331"	"0.0108702446930966"	"70.0007344109707"	"0.0127245845170604"	"69.6468338014017"	"-1.854340e-03"	"  0.353900610"	"better"	"similar"	"120.16"	"5"	"67.7"	"0.07"	"Mo17"	"Non_Stiff_Stalk"	"0.0156749071644692"	"73.5239415774266"
"11116.I28A083.1196054"	"0.000491613602287102"	"91.0845274000995"	"0.00119279160148931"	"96.0135649921421"	"-7.011780e-04"	" -4.929037592"	"better"	"better"	"120.16"	"8"	"73.2"	"0.09"	"Mo17"	"Non_Stiff_Stalk"	"0.000969601198795991"	"92.4407434622554"
"11116.I29A065.1197249"	"0.00136123525717889"	"57.1693285900574"	"0.0033288770337247"	"63.025594993102"	"-1.967642e-03"	" -5.856266403"	"better"	"better"	"120.16"	"2"	"69.2"	"0.47"	"CML322"	"Tropical"	"0.00385410594854319"	"64.1035154734714"
"11116.I29A075.1193749"	"0.00537670014999201"	"59.9753873159415"	"0.00668824200629185"	"61.9102193982005"	"-1.311542e-03"	" -1.934832082"	"better"	"better"	"120.16"	"5"	"67.7"	"0.07"	"CML322"	"Tropical"	"0.00834250369229089"	"66.6120594081853"
"11116.I29A077.1197259"	"0.00490090311254927"	"55.2152679525425"	"0.00947180254625519"	"67.7990258229562"	"-4.570899e-03"	"-12.583757870"	"better"	"better"	"120.16"	"6"	"66.8"	"0.85"	"CML322"	"Tropical"	"0.0105004647023792"	"66.0896342089545"
"11116.I29A080.1195338"	"0.00382004510602384"	"78.5850830356673"	"0.00280394818354954"	"75.6086704074625"	" 1.016097e-03"	"  2.976412628"	"worse"	"worse"	"120.16"	"7"	"80"	"0"	"CML322"	"Tropical"	"0.00275596457738822"	"71.8220323554936"
"11116.I29A089.1194492"	"0.000149402500932456"	"64.627299446188"	"0.000235625259830095"	"73.094906486494"	"-8.622276e-05"	" -8.467607040"	"similar"	"better"	"120.16"	"10"	"69.5"	"0.12"	"CML322"	"Tropical"	"0.000717765106464811"	"76.1714964177875"
"11116.I29A120.1196473"	"0.00117779043028471"	"81.5479271688274"	"0.00104390667329411"	"80.2546502748225"	" 1.338838e-04"	"  1.293276894"	"worse"	"worse"	"120.16"	"20"	"49.4"	"0.63"	"CML322"	"Tropical"	"0.00232187017418726"	"87.9087595714458"
"11116.I30A076.1195645"	"0.00635204844633503"	"52.9619179512968"	"0.0102871739433993"	"64.493357309132"	"-3.935125e-03"	"-11.531439358"	"better"	"better"	"120.16"	"6"	"66.8"	"0.85"	"Tzi8"	"Tropical"	"0.0111227233694294"	"61.6954904653656"
"11116.I30A085.1197727"	"0.00299123726729181"	"61.7991939219478"	"0.00327843816325118"	"69.0768691748402"	"-2.872009e-04"	" -7.277675253"	"better"	"better"	"120.16"	"9"	"71.2"	"0.03"	"Tzi8"	"Tropical"	"0.00361138371253529"	"70.2951008714196"
"11116.I30A091.1197429"	"0.000408593183954902"	"93.3343884194665"	"0.000324799864528622"	"95.3747533310817"	" 8.379332e-05"	" -2.040364912"	"similar"	"better"	"120.16"	"11"	"76.2"	"0.21"	"Tzi8"	"Tropical"	"0.00100933881202664"	"94.1853201491544"
"11116.I30A097.1196163"	"3.26000093030376e-05"	"58.4951161410705"	"0.000152385822829751"	"67.1131197556142"	"-1.197858e-04"	" -8.618003615"	"better"	"better"	"120.16"	"13"	"68.3"	"0.07"	"Tzi8"	"Tropical"	"0.000758833823386993"	"75.2468923094097"
"11116.I31A066.1194004"	"0.000738074009595904"	"54.3953318471375"	"0.00257786984758652"	"60.3055442092889"	"-1.839796e-03"	" -5.910212362"	"better"	"better"	"120.16"	"2"	"69.2"	"0.47"	"Mo17"	"Non_Stiff_Stalk"	"0.00439611898680341"	"67.32304648753"
"11116.I31A074.1194593"	"0.00360133102012501"	"72.7471104253009"	"0.00466979371019123"	"71.9471414845142"	"-1.068463e-03"	"  0.799968941"	"better"	"similar"	"120.16"	"5"	"67.7"	"0.07"	"Mo17"	"Non_Stiff_Stalk"	"0.00578463514807421"	"68.4742560102488"
"11116.I31A098.1194107"	"4.43219306182225e-05"	"60.459533320536"	"0.000238230176818221"	"68.6599342923492"	"-1.939082e-04"	" -8.200400972"	"better"	"better"	"120.16"	"13"	"68.3"	"0.07"	"Mo17"	"Non_Stiff_Stalk"	"0.000754751115707857"	"73.3756002714095"
"11116.I31A103.1197001"	"0.00129881613868805"	"69.9308529782064"	"0.00145048711951399"	"65.5794920703683"	"-1.516710e-04"	"  4.351360908"	"better"	"worse"	"120.16"	"15"	"74.5"	"0.01"	"Mo17"	"Non_Stiff_Stalk"	"0.00119625877047097"	"58.6097045140788"
"11116.I32A064.1197804"	"0.00107441350424648"	"50.1802034723644"	"0.00264712997552642"	"57.275663196941"	"-1.572716e-03"	" -7.095459725"	"better"	"better"	"120.16"	"2"	"69.2"	"0.47"	"CML103"	"Tropical"	"0.00367452053630109"	"61.2643893230537"
"11116.I32A073.1196155"	"0.00645130748342592"	"60.507033590538"	"0.00720354376317627"	"61.9062457794215"	"-7.522363e-04"	" -1.399212189"	"better"	"better"	"120.16"	"5"	"67.7"	"0.07"	"CML103"	"Tropical"	"0.00874171617955423"	"63.980198118127"
"11116.I32A103.1195945"	"3.97291855013565e-05"	"62.0677129048192"	"0.000280466513662811"	"67.254287591876"	"-2.407373e-04"	" -5.186574687"	"better"	"better"	"120.16"	"15"	"74.5"	"0.01"	"CML103"	"Tropical"	"0.000824066608999707"	"76.3647108686748"
"11116.I32A118.1193922"	"0.000261607758972628"	"82.4681035921484"	"0.000347022468286473"	"76.4578827061503"	"-8.541471e-05"	"  6.010220886"	"similar"	"worse"	"120.16"	"20"	"49.4"	"0.63"	"CML103"	"Tropical"	"0.000878452927506833"	"88.4629775292947"
"11116.L01A084.1196740"	"0.00010161396114533"	"84.82943983421"	"0.000689544326663588"	"90.9539638051036"	"-5.879304e-04"	" -6.124523971"	"better"	"better"	"260.1"	"8"	"73.2"	"0.09"	"B73"	"Stiff_Stalk"	"0.000921922064513361"	"90.8921651647409"
"11116.L01A087.1197168"	"0.00326427577981191"	"71.8771072839347"	"0.00233779436488118"	"60.1453766003821"	" 9.264814e-04"	" 11.731730684"	"worse"	"worse"	"260.1"	"9"	"71.2"	"0.03"	"MS71"	"Non_Stiff_Stalk"	"0.0019072023939699"	"53.1630759619795"
"11116.L02A070.1198254"	"0.00228021392369609"	"61.3404090626726"	"0.00353988656737602"	"64.1829726912348"	"-1.259673e-03"	" -2.842563629"	"better"	"better"	"260.1"	"4"	"64.8"	"0.4"	"Ky21"	"Non_Stiff_Stalk"	"0.00521062028799398"	"67.3936792166322"
"11116.L02A100.1198181"	"0.000165692869850725"	"71.9444207564899"	"7.2611696685923e-05"	"72.5906493505573"	" 9.308117e-05"	" -0.646228594"	"similar"	"similar"	"260.1"	"14"	"64.1"	"3.31"	"Ky21"	"Non_Stiff_Stalk"	"0.000863723439176926"	"87.2402767613876"
"11116.L02A104.1194752"	"1.79901142268082e-05"	"87.7138478107231"	"0.000128935698526176"	"88.4724925963819"	"-1.109456e-04"	" -0.758644786"	"better"	"similar"	"260.1"	"15"	"74.5"	"0.01"	"Ky21"	"Non_Stiff_Stalk"	"0.00097818982712862"	"92.8137108526253"
"11116.L03A065.1193914"	"0.00298534323750637"	"56.9221077412761"	"0.00300372589175545"	"60.3850757572506"	"-1.838265e-05"	" -3.462968016"	"similar"	"better"	"260.1"	"2"	"69.2"	"0.47"	"Ki3"	"Tropical"	"0.00399731302330644"	"56.2180794407603"
"11116.L03A068.1194466"	"0.00210862638542631"	"50.8920094965174"	"0.00170538218510012"	"53.8195927630389"	" 4.032442e-04"	" -2.927583267"	"worse"	"better"	"260.1"	"3"	"54.5"	"0.91"	"Ki3"	"Tropical"	"0.00218359141645183"	"49.834583687205"
"11116.L03A079.1197750"	"0.00382167206324736"	"66.5124242196356"	"0.00373591959550457"	"66.8115178300348"	" 8.575247e-05"	" -0.299093610"	"similar"	"similar"	"260.1"	"7"	"80"	"0"	"Ki3"	"Tropical"	"0.00417573090002303"	"60.521913358066"
"11116.L03A089.1195062"	"0.000407025287498168"	"99.7620661987446"	"0.000636289909160175"	"99.6279462715466"	"-2.292646e-04"	"  0.134119927"	"better"	"similar"	"260.1"	"10"	"69.5"	"0.12"	"Ki3"	"Tropical"	"0.00123350111921304"	"96.3580146309148"
"11116.L03A091.1196634"	"0.000222021882247055"	"63.0085640795404"	"0.00031237314608282"	"68.3879263119526"	"-9.035126e-05"	" -5.379362232"	"similar"	"better"	"260.1"	"11"	"76.2"	"0.21"	"Ki3"	"Tropical"	"0.000815105744737694"	"75.8279391665794"
"11116.L03A100.1198069"	"0.00202441989981998"	"78.7382952629235"	"0.00157123232365063"	"78.2040391041295"	" 4.531876e-04"	"  0.534256159"	"worse"	"similar"	"260.1"	"14"	"64.1"	"3.31"	"Ki3"	"Tropical"	"0.00207477733045894"	"89.9355951928974"
"11116.L04A070.1195935"	"0.00145625206068169"	"59.1987466831133"	"0.00285334725512742"	"63.5526939901273"	"-1.397095e-03"	" -4.353947307"	"better"	"better"	"260.1"	"4"	"64.8"	"0.4"	"MS71"	"Non_Stiff_Stalk"	"0.00495960066365297"	"66.204727315324"
"11116.L04A081.1194611"	"0.00258361734710069"	"97.4608440588094"	"0.0038095015406789"	"97.2696801338629"	"-1.225884e-03"	"  0.191163925"	"better"	"similar"	"260.1"	"7"	"80"	"0"	"MS71"	"Non_Stiff_Stalk"	"0.003406599266575"	"94.3930484467907"
"11116.L04A094.1196377"	"0.00444493456047382"	"69.6784398125476"	"0.00377429603938939"	"63.8127280038546"	" 6.706385e-04"	"  5.865711809"	"worse"	"worse"	"260.1"	"12"	"76"	"0.14"	"MS71"	"Non_Stiff_Stalk"	"0.00257970527503505"	"53.2906905259297"
"11116.L05A079.1196294"	"0.00104210825006746"	"62.1135723169617"	"0.00200599589100682"	"67.7891483718927"	"-9.638876e-04"	" -5.675576055"	"better"	"better"	"260.1"	"7"	"80"	"0"	"Mo18W"	"Mixed"	"0.00247108100887308"	"65.868294700299"
"11116.L05A084.1194795"	"0.000114946438849889"	"79.2412584689492"	"0.000789599498845611"	"87.8759965699464"	"-6.746531e-04"	" -8.634738101"	"better"	"better"	"260.1"	"8"	"73.2"	"0.09"	"Mo18W"	"Mixed"	"0.000914823189430748"	"88.8925132159124"
"11116.L05A102.1196776"	"0.000244923071830567"	"68.6244801502289"	"0.000385212790713665"	"75.2818570842117"	"-1.402897e-04"	" -6.657376934"	"better"	"better"	"260.1"	"14"	"64.1"	"3.31"	"Mo18W"	"Mixed"	"0.00163464152278849"	"85.5569258657357"
"11116.L06A065.1195531"	"0.000975940538133498"	"46.3199459803215"	"0.0014116385663516"	"53.3819257262817"	"-4.356980e-04"	" -7.061979746"	"better"	"better"	"260.1"	"2"	"69.2"	"0.47"	"Mo17"	"Non_Stiff_Stalk"	"0.0062064745267868"	"63.0672430817891"
"11116.L06A072.1195926"	"0.0012523963593022"	"52.0866500456028"	"0.00271235675809675"	"55.8375929004151"	"-1.459960e-03"	" -3.750942855"	"better"	"better"	"260.1"	"4"	"64.8"	"0.4"	"Mo17"	"Non_Stiff_Stalk"	"0.00502470272121424"	"60.9020820267397"
"11116.L06A088.1196116"	"0.01031573295414"	"89.6501784525401"	"0.00895185047259593"	"82.309605481635"	" 1.363882e-03"	"  7.340572971"	"worse"	"worse"	"260.1"	"10"	"69.5"	"0.12"	"Mo17"	"Non_Stiff_Stalk"	"0.00727474165568774"	"72.7231091318446"
"11116.L06A100.1194511"	"0.000316957849645577"	"66.8309850409612"	"0.000137227259065741"	"71.2422501087637"	" 1.797306e-04"	" -4.411265068"	"worse"	"better"	"260.1"	"14"	"64.1"	"3.31"	"Mo17"	"Non_Stiff_Stalk"	"0.00110979261168374"	"85.8991444475347"
"11116.L07A070.1198122"	"0.00216959201141255"	"54.453014813118"	"0.00272273573548775"	"57.0425607452108"	"-5.531437e-04"	" -2.589545932"	"better"	"better"	"260.1"	"4"	"64.8"	"0.4"	"CML52"	"Tropical"	"0.00499456088294663"	"57.5488431082593"
"11116.L07A075.1195488"	"0.00662271873741402"	"98.4215004328795"	"0.00706532671974299"	"98.3041112290448"	"-4.426080e-04"	"  0.117389204"	"better"	"similar"	"260.1"	"5"	"67.7"	"0.07"	"CML52"	"Tropical"	"0.00789061745910376"	"95.7325012588072"
"11116.L07A077.1194039"	"0.00599353444946911"	"76.7415602417323"	"0.00673344503472238"	"83.1392015160115"	"-7.399106e-04"	" -6.397641274"	"better"	"better"	"260.1"	"6"	"66.8"	"0.85"	"CML52"	"Tropical"	"0.00752552602669344"	"79.6608964941308"
"11116.L07A082.1196478"	"0.00014640012953991"	"73.1100137492981"	"0.000802150026841"	"83.9755746467377"	"-6.557499e-04"	"-10.865560897"	"better"	"better"	"260.1"	"8"	"73.2"	"0.09"	"CML52"	"Tropical"	"0.000850767567341715"	"84.7130272575149"
"11116.L07A097.1194673"	"0.000241971763241958"	"60.9044421651079"	"0.000264619797430499"	"64.8355258256189"	"-2.264803e-05"	" -3.931083661"	"similar"	"better"	"260.1"	"13"	"68.3"	"0.07"	"CML52"	"Tropical"	"0.000707806023518593"	"74.6040809829739"
"11116.L07A101.1198306"	"0.00221575132873989"	"60.9727301483272"	"0.00231801530068828"	"72.2988189307402"	"-1.022640e-04"	"-11.326088782"	"better"	"better"	"260.1"	"14"	"64.1"	"3.31"	"CML52"	"Tropical"	"0.00260602588214533"	"76.1761089433137"
"11116.L08A075.1193955"	"0.00453929324982375"	"71.2285352045022"	"0.00426094139755453"	"72.0510233290913"	" 2.783519e-04"	" -0.822488125"	"worse"	"similar"	"260.1"	"5"	"67.7"	"0.07"	"Il14H"	"Sweet_Corn"	"0.00353642738550661"	"66.7639419744774"
"11116.L08A076.1198333"	"0.0025542349930518"	"59.4967860950134"	"0.00223438377956197"	"56.0842389137877"	" 3.198512e-04"	"  3.412547181"	"worse"	"worse"	"260.1"	"6"	"66.8"	"0.85"	"Il14H"	"Sweet_Corn"	"0.00215298050429817"	"50.3370321258043"
"11116.L08A105.1196972"	"1.54445929627918e-05"	"86.0598875442049"	"0.000140543047911777"	"85.7692666337904"	"-1.250985e-04"	"  0.290620910"	"better"	"similar"	"260.1"	"15"	"74.5"	"0.01"	"Il14H"	"Sweet_Corn"	"0.000894328646035637"	"90.2795147340217"
"11116.L09A066.1196076"	"0.00200941266863217"	"50.0729122915686"	"0.00313336621068956"	"55.8337502414684"	"-1.123954e-03"	" -5.760837950"	"better"	"better"	"260.1"	"2"	"69.2"	"0.47"	"M162W"	"Non_Stiff_Stalk"	"0.00664801174347097"	"60.5575534416779"
"11116.L09A078.1195117"	"0.00536574099919719"	"82.6489602390467"	"0.00204998422260678"	"76.7021990097866"	" 3.315757e-03"	"  5.946761229"	"worse"	"worse"	"260.1"	"6"	"66.8"	"0.85"	"M162W"	"Non_Stiff_Stalk"	"0.00185316712093363"	"71.6446205668855"
"11116.L09A091.1197835"	"5.61099187158626e-05"	"92.9458898793538"	"0.000252899672734352"	"93.8985058326665"	"-1.967898e-04"	" -0.952615953"	"better"	"similar"	"260.1"	"11"	"76.2"	"0.21"	"M162W"	"Non_Stiff_Stalk"	"0.000972539051037562"	"93.5470386380831"
"11116.L09A097.1198277"	"2.20458128585391e-05"	"71.5842093429631"	"0.000188122378891017"	"77.3164074417335"	"-1.660766e-04"	" -5.732198099"	"better"	"better"	"260.1"	"13"	"68.3"	"0.07"	"M162W"	"Non_Stiff_Stalk"	"0.000916238317505138"	"86.0379059055603"
"11116.L10A064.1196041"	"0.000954188988157683"	"48.594830440376"	"0.00151081978204881"	"55.5667961756226"	"-5.566308e-04"	" -6.971965735"	"better"	"better"	"260.1"	"2"	"69.2"	"0.47"	"CML277"	"Tropical"	"0.00502530230183022"	"58.7664693773441"
"11116.L10A084.1196769"	"0.00195906299156476"	"76.5872404589349"	"0.00107408846069201"	"64.4153812115471"	" 8.849745e-04"	" 12.171859247"	"worse"	"worse"	"260.1"	"8"	"73.2"	"0.09"	"CML277"	"Tropical"	"0.000997210243952144"	"56.5059432992558"
"11116.L10A091.1195007"	"0.000418106263353385"	"72.6583881317518"	"0.000451292303625742"	"75.8979968745274"	"-3.318604e-05"	" -3.239608743"	"similar"	"better"	"260.1"	"11"	"76.2"	"0.21"	"CML277"	"Tropical"	"0.000941961719209142"	"79.6799777658753"
"11116.L11A069.1194228"	"0.00331308180983669"	"58.148229618299"	"0.00242184193736576"	"60.4888797375944"	" 8.912399e-04"	" -2.340650119"	"worse"	"better"	"260.1"	"3"	"54.5"	"0.91"	"NC350"	"Tropical"	"0.00269416317599311"	"52.4325342957909"
"11116.L11A079.1195454"	"0.00248383620065291"	"54.3798557225468"	"0.00162386944205116"	"54.4387665042513"	" 8.599668e-04"	" -0.058910782"	"worse"	"similar"	"260.1"	"7"	"80"	"0"	"NC350"	"Tropical"	"0.00180777981902572"	"48.9254272242332"
"11116.L11A084.1195839"	"0.0057248655166778"	"83.341956009506"	"0.00432644756996693"	"71.1860839153155"	" 1.398418e-03"	" 12.155872094"	"worse"	"worse"	"260.1"	"8"	"73.2"	"0.09"	"NC350"	"Tropical"	"0.00405016513752852"	"62.0635841636347"
"11116.L11A086.1195419"	"7.02228266601404e-05"	"62.4588876915141"	"0.000375797282649115"	"71.1194485406136"	"-3.055745e-04"	" -8.660560849"	"better"	"better"	"260.1"	"9"	"71.2"	"0.03"	"CML103"	"Tropical"	"0.000736206591975536"	"75.9583368965973"
"11116.L11A091.1195922"	"7.80158133024789e-05"	"85.4169601711091"	"0.000216996478976484"	"88.9374943527972"	"-1.389807e-04"	" -3.520534182"	"better"	"better"	"260.1"	"11"	"76.2"	"0.21"	"NC350"	"Tropical"	"0.000906455784550057"	"91.0539218800758"
"11116.L11A104.1197701"	"5.56599266875524e-05"	"93.5206738764304"	"0.000125507019160059"	"92.8532132153805"	"-6.984709e-05"	"  0.667460661"	"similar"	"similar"	"260.1"	"15"	"74.5"	"0.01"	"NC350"	"Tropical"	"0.000965688787808453"	"94.9685444085448"
"11116.L12A073.1198323"	"0.00229774076744261"	"78.2377853458853"	"0.00199927366382828"	"77.8487599232769"	" 2.984671e-04"	"  0.389025423"	"worse"	"similar"	"260.1"	"5"	"67.7"	"0.07"	"B73"	"Stiff_Stalk"	"0.00179918878401327"	"71.8924283734192"
"11116.L12A090.1194257"	"0.000374821479952508"	"61.6864970610733"	"0.000302408087218198"	"58.0514694760388"	" 7.241339e-05"	"  3.635027585"	"similar"	"worse"	"260.1"	"10"	"69.5"	"0.12"	"B73"	"Stiff_Stalk"	"0.000373873586399709"	"55.2089484274508"
"11116.L12A095.1195179"	"4.77504081755509e-05"	"92.4192761650316"	"0.000183203579727281"	"92.6957182682518"	"-1.354532e-04"	" -0.276442103"	"better"	"similar"	"260.1"	"12"	"76"	"0.14"	"B73"	"Stiff_Stalk"	"0.000987078097793221"	"94.7734534095681"
"11116.L13A068.1195003"	"0.000876242325809269"	"64.129375146334"	"0.00211708450571268"	"67.9452438062204"	"-1.240842e-03"	" -3.815868660"	"better"	"better"	"260.1"	"3"	"54.5"	"0.91"	"B97"	"Non_Stiff_Stalk"	"0.00050630665804887"	"54.1344141869952"
"11116.L13A095.1196416"	"0.000245571018772059"	"61.0348114273382"	"0.000343338568709909"	"65.1285227354663"	"-9.776755e-05"	" -4.093711308"	"similar"	"better"	"260.1"	"12"	"76"	"0.14"	"B97"	"Non_Stiff_Stalk"	"0.000831146259224702"	"67.7211306134596"
"11116.L13A099.1195830"	"9.53152595254918e-06"	"65.3986132018439"	"0.000191063128381715"	"72.8488617096953"	"-1.815316e-04"	" -7.450248508"	"better"	"better"	"260.1"	"13"	"68.3"	"0.07"	"B73"	"Stiff_Stalk"	"0.000834713853227133"	"85.6387972812833"
"11116.L13A101.1195535"	"7.84729930253391e-05"	"74.6622818182026"	"0.000158313950021105"	"72.8966969235017"	"-7.984096e-05"	"  1.765584895"	"similar"	"worse"	"260.1"	"14"	"64.1"	"3.31"	"B97"	"Non_Stiff_Stalk"	"0.00086191531413274"	"88.1349844497367"
"11116.L13A104.1197936"	"2.27228372192751e-05"	"89.2099087401325"	"0.000109375806165929"	"89.5565693630832"	"-8.665297e-05"	" -0.346660623"	"similar"	"similar"	"260.1"	"15"	"74.5"	"0.01"	"B97"	"Non_Stiff_Stalk"	"0.000953346684820257"	"92.8307813608717"
"11116.L13A119.1196444"	"0.000109326798174916"	"73.9973351169036"	"0.000282583549494852"	"75.8715846387895"	"-1.732568e-04"	" -1.874249522"	"better"	"better"	"260.1"	"20"	"49.4"	"0.63"	"B97"	"Non_Stiff_Stalk"	"0.00156094390754261"	"88.3299047273761"
"11116.L14A069.1197457"	"0.000690634125112397"	"56.989158282359"	"0.00116524025583768"	"57.9794977073096"	"-4.746061e-04"	" -0.990339425"	"better"	"similar"	"260.1"	"3"	"54.5"	"0.91"	"Tzi8"	"Tropical"	"0.00135792529395411"	"58.5266744199414"
"11116.L14A090.1194316"	"0.00149392690405895"	"67.4294673503059"	"0.00113844944430707"	"61.0843877874105"	" 3.554775e-04"	"  6.345079563"	"worse"	"worse"	"260.1"	"10"	"69.5"	"0.12"	"Tzi8"	"Tropical"	"0.000851856653595586"	"50.1028252066937"
"11116.L14A101.1196409"	"0.00175455284644051"	"71.4420020890125"	"0.00138644790040213"	"77.0782073470806"	" 3.681049e-04"	" -5.636205258"	"worse"	"better"	"260.1"	"14"	"64.1"	"3.31"	"Tzi8"	"Tropical"	"0.00159447937947271"	"58.0883777335742"
"11116.L15A080.1193699"	"0.00203389935272581"	"54.2372557095463"	"0.00245002765085371"	"57.8091600886776"	"-4.161283e-04"	" -3.571904379"	"better"	"better"	"260.1"	"7"	"80"	"0"	"Mo17"	"Non_Stiff_Stalk"	"0.00311092988483292"	"56.0880634148228"
"11116.L15A092.1196951"	"4.67912665176665e-05"	"77.4028452576639"	"0.000260696505935617"	"81.7890636170486"	"-2.139052e-04"	" -4.386218359"	"better"	"better"	"260.1"	"11"	"76.2"	"0.21"	"Mo17"	"Non_Stiff_Stalk"	"0.000903386469720635"	"87.7334186255758"
"11116.L16A081.1195521"	"0.0017198215807824"	"50.3514650274116"	"0.00242293685663287"	"53.5244613707791"	"-7.031153e-04"	" -3.172996343"	"better"	"better"	"260.1"	"7"	"80"	"0"	"CML103"	"Tropical"	"0.00308507583850753"	"49.0719880318318"
"11116.L16A084.1196445"	"0.000125996381439231"	"98.2799097435877"	"0.000826369382441302"	"99.0083065575191"	"-7.003730e-04"	" -0.728396814"	"better"	"similar"	"260.1"	"8"	"73.2"	"0.09"	"CML103"	"Tropical"	"0.0009999349087077"	"96.1714831665148"
"11116.L16A102.1197559"	"0.000579883833636871"	"56.0355506343332"	"0.000486889160341326"	"66.6102455498951"	" 9.299467e-05"	"-10.574694916"	"similar"	"better"	"260.1"	"14"	"64.1"	"3.31"	"CML103"	"Tropical"	"0.00162888078757731"	"75.209274949359"
"11116.L17A061.1194845"	"0.00213603750624402"	"47.7257560166416"	"0.00245083860689292"	"54.1188046945234"	"-3.148011e-04"	" -6.393048678"	"better"	"better"	"260.1"	"1"	"71"	"0.01"	"Mo17"	"Non_Stiff_Stalk"	"0.00683556800630532"	"66.9843580569133"
"11116.L17A098.1196170"	"2.86143431083201e-05"	"80.955557731397"	"0.000228073631487531"	"85.9279953070484"	"-1.994593e-04"	" -4.972437576"	"better"	"better"	"260.1"	"13"	"68.3"	"0.07"	"CML103"	"Tropical"	"0.0009137453756826"	"92.36490268201"
"11116.L17A104.1196263"	"3.63822282692984e-05"	"72.5497228913893"	"0.000116730667470288"	"73.8566609183947"	"-8.034844e-05"	" -1.306938027"	"similar"	"better"	"260.1"	"15"	"74.5"	"0.01"	"Mo17"	"Non_Stiff_Stalk"	"0.000767472159883269"	"85.4758219482656"
"11116.L18A075.1195144"	"0.00334878131801771"	"46.2939272536979"	"0.00374684161124608"	"56.2833935604882"	"-3.980603e-04"	" -9.989466307"	"better"	"better"	"260.1"	"5"	"67.7"	"0.07"	"Hp301"	"Popcorn"	"0.00492945333670443"	"46.7624728110426"
"11116.L18A081.1198137"	"0.00252222137753566"	"52.6221568713664"	"0.00227955579045737"	"57.7910145174867"	" 2.426656e-04"	" -5.168857646"	"worse"	"better"	"260.1"	"7"	"80"	"0"	"Hp301"	"Popcorn"	"0.0024399618548752"	"49.1809131421927"
"11116.L18A090.1197076"	"5.54059329103836e-05"	"78.5170480899593"	"0.000312265036793635"	"86.4253242691602"	"-2.568591e-04"	" -7.908276179"	"better"	"better"	"260.1"	"10"	"69.5"	"0.12"	"Hp301"	"Popcorn"	"0.000900117289640307"	"89.0829518392281"
"11116.L19A065.1197547"	"0.00195539447262299"	"53.3212177436956"	"0.00230147453153782"	"56.7377305056853"	"-3.460801e-04"	" -3.416512762"	"better"	"better"	"260.1"	"2"	"69.2"	"0.47"	"CML69"	"Tropical"	"0.00727284878440494"	"62.5406014816953"
"11116.L19A118.1197800"	"0.000142224462680832"	"86.5375995186478"	"0.00108593254866414"	"86.5356074907657"	"-9.437081e-04"	"  0.001992028"	"better"	"similar"	"260.1"	"20"	"49.4"	"0.63"	"CML69"	"Tropical"	"0.00197767677323065"	"92.5664844900944"
"11116.L20A072.1197129"	"0.000966087147761868"	"55.2278494977738"	"0.00123121420918319"	"58.8403353244498"	"-2.651271e-04"	" -3.612485827"	"better"	"better"	"260.1"	"4"	"64.8"	"0.4"	"NC358"	"Tropical"	"0.000974735767500462"	"54.1080284490595"
"11116.L20A089.1196367"	"7.56241178801845e-05"	"56.8980212718011"	"0.000226903980870195"	"63.1889205218723"	"-1.512799e-04"	" -6.290899250"	"better"	"better"	"260.1"	"10"	"69.5"	"0.12"	"NC358"	"Tropical"	"0.000662040087195275"	"68.7400464175631"
"11116.L21A077.1193938"	"0.00364698773110905"	"66.7702138160714"	"0.00335625753042344"	"61.0143630651234"	" 2.907302e-04"	"  5.755850751"	"worse"	"worse"	"260.1"	"6"	"66.8"	"0.85"	"Oh7B"	"Non_Stiff_Stalk"	"0.00425841913771481"	"57.990049617284"
"11116.L21A086.1195385"	"0.00577988606859837"	"98.6447281813581"	"0.00446094889771148"	"96.8835344409324"	" 1.318937e-03"	"  1.761193740"	"worse"	"worse"	"260.1"	"9"	"71.2"	"0.03"	"Oh7B"	"Non_Stiff_Stalk"	"0.00479999721613338"	"93.6629458278772"
"11116.L22A068.1193738"	"0.00249585087570372"	"65.4239688720696"	"0.00204635784844857"	"68.571714867274"	" 4.494930e-04"	" -3.147745995"	"worse"	"better"	"260.1"	"3"	"54.5"	"0.91"	"CML322"	"Tropical"	"0.00161763157632111"	"55.6951858736657"
"11116.L23A094.1195030"	"0.000201100719849607"	"60.7007805724844"	"0.000160275023361755"	"60.7355206912123"	" 4.082570e-05"	" -0.034740119"	"similar"	"similar"	"260.1"	"12"	"76"	"0.14"	"B73"	"Stiff_Stalk"	"0.000448447138669712"	"55.6949957662416"
"11116.L23A103.1197443"	"2.19549154712517e-05"	"94.1105433103286"	"0.000106069332524524"	"94.0392843814453"	"-8.411442e-05"	"  0.071258929"	"similar"	"similar"	"260.1"	"15"	"74.5"	"0.01"	"B73"	"Stiff_Stalk"	"0.00095422105626137"	"94.6189962584354"
"11116.L24A071.1198301"	"0.00456611430501691"	"78.604311429407"	"0.0025806889245518"	"75.7076929499338"	" 1.985425e-03"	"  2.896618479"	"worse"	"worse"	"260.1"	"4"	"64.8"	"0.4"	"CML228"	"Tropical"	"0.00185724107484801"	"65.5086633511069"
"11116.L24A076.1197506"	"0.00133110960338575"	"53.8518026076339"	"0.00278580602161345"	"63.1149275988569"	"-1.454696e-03"	" -9.263124991"	"better"	"better"	"260.1"	"6"	"66.8"	"0.85"	"CML228"	"Tropical"	"0.00344570351943299"	"57.4829582216952"
"11116.L24A085.1195747"	"3.79037988151961e-05"	"63.7406609827791"	"0.00033055137415095"	"75.5616305299008"	"-2.926476e-04"	"-11.820969547"	"better"	"better"	"260.1"	"9"	"71.2"	"0.03"	"Ki3"	"Tropical"	"0.000737895533820543"	"78.4674104390277"
"11116.L24A102.1196562"	"0.000172755685585836"	"81.0673551958947"	"0.000321176823579552"	"77.5369489681637"	"-1.484211e-04"	"  3.530406228"	"better"	"worse"	"260.1"	"14"	"64.1"	"3.31"	"CML228"	"Tropical"	"0.000950945864466745"	"92.6337742417151"
"11116.L25A066.1194296"	"0.000903834313336027"	"53.4541037701707"	"0.00146522361227606"	"57.1632849658655"	"-5.613893e-04"	" -3.709181196"	"better"	"better"	"260.1"	"2"	"69.2"	"0.47"	"P39"	"Sweet_Corn"	"0.00519171127981914"	"65.234019547188"
"11116.L25A074.1193799"	"0.00244325153610877"	"66.1812368837078"	"0.00249106148599922"	"69.3057229460956"	"-4.780995e-05"	" -3.124486062"	"similar"	"better"	"260.1"	"5"	"67.7"	"0.07"	"P39"	"Sweet_Corn"	"0.00327391800898063"	"63.1035726642724"
"11116.L25A079.1194278"	"0.0013165679568411"	"51.3428526205841"	"0.00171077768901434"	"56.3901568036808"	"-3.942097e-04"	" -5.047304183"	"better"	"better"	"260.1"	"7"	"80"	"0"	"P39"	"Sweet_Corn"	"0.00223898509084579"	"54.8476929541317"
"11116.L25A085.1198198"	"0.000373185946197044"	"59.1216154263286"	"0.000389103671748562"	"68.1846425737503"	"-1.591773e-05"	" -9.063027147"	"similar"	"better"	"260.1"	"9"	"71.2"	"0.03"	"Mo17"	"Non_Stiff_Stalk"	"0.000696454686754089"	"71.203429003466"
"11116.L25A092.1195212"	"6.70456488306439e-05"	"65.5601398205035"	"0.000166135407491694"	"68.1398709799929"	"-9.908976e-05"	" -2.579731159"	"similar"	"better"	"260.1"	"11"	"76.2"	"0.21"	"P39"	"Sweet_Corn"	"0.000660171460452076"	"76.9799673702031"
"11116.L26A069.1193710"	"0.00540444601377819"	"54.9769397899645"	"0.00345960981934352"	"57.2343994837547"	" 1.944836e-03"	" -2.257459694"	"worse"	"better"	"260.1"	"3"	"54.5"	"0.91"	"Tx303"	"Mixed"	"0.00729084923796835"	"59.4296255804267"
"11116.L26A082.1197141"	"8.55018293897141e-05"	"77.9761607175091"	"0.000574022042176249"	"86.4877217019035"	"-4.885202e-04"	" -8.511560984"	"better"	"better"	"260.1"	"8"	"73.2"	"0.09"	"Tx303"	"Mixed"	"0.000811091247553256"	"87.3156773056869"
"11116.L26A089.1196178"	"0.000464465631821346"	"59.8779190995583"	"0.000234192516107211"	"63.3327533162427"	" 2.302731e-04"	" -3.454834217"	"worse"	"better"	"260.1"	"10"	"69.5"	"0.12"	"Tx303"	"Mixed"	"0.000695775260720041"	"66.5604000503965"
"11116.L26A091.1197738"	"4.70346264221662e-05"	"79.4552668464493"	"0.000197569111886775"	"82.8610522614224"	"-1.505345e-04"	" -3.405785415"	"better"	"better"	"260.1"	"11"	"76.2"	"0.21"	"Tx303"	"Mixed"	"0.000921709774495583"	"89.1156136236076"
"11116.L26A099.1193853"	"0.000115634220399829"	"58.831291096389"	"0.00015197266269625"	"60.7144052151299"	"-3.633844e-05"	" -1.883114119"	"similar"	"better"	"260.1"	"13"	"68.3"	"0.07"	"P39"	"Sweet_Corn"	"0.000568966688218193"	"67.9428488991684"
"11116.L27A067.1194603"	"0.00264156913906228"	"73.4269568181156"	"0.00266150636767704"	"75.0555328659341"	"-1.993723e-05"	" -1.628576048"	"similar"	"better"	"260.1"	"3"	"54.5"	"0.91"	"CML333"	"Tropical"	"0.00156921537485989"	"62.4270176319573"
"11116.L27A101.1196249"	"0.000239084232081683"	"80.4233894772273"	"0.000193853741431775"	"77.4783911071642"	" 4.523049e-05"	"  2.944998370"	"similar"	"worse"	"260.1"	"14"	"64.1"	"3.31"	"CML333"	"Tropical"	"0.000884215665993201"	"91.8078694915119"
"11116.L27A118.1197503"	"0.00058074430142353"	"74.8664239937168"	"7.93930725265924e-05"	"76.6870649257073"	" 5.013512e-04"	" -1.820640932"	"worse"	"better"	"260.1"	"20"	"49.4"	"0.63"	"CML333"	"Tropical"	"0.00122430007660208"	"84.2552201550665"
"11116.L28A063.1193929"	"0.00348837879490101"	"52.9048874914169"	"0.00403932797719231"	"57.149363797883"	"-5.509492e-04"	" -4.244476306"	"better"	"better"	"260.1"	"1"	"71"	"0.01"	"Mo17"	"Non_Stiff_Stalk"	"0.00660016697773637"	"63.4014362902999"
"11116.L28A102.1196533"	"0.000512802077811709"	"74.6819789907151"	"0.000344481987338946"	"77.250703943454"	" 1.683201e-04"	" -2.568724953"	"worse"	"better"	"260.1"	"14"	"64.1"	"3.31"	"Mo17"	"Non_Stiff_Stalk"	"0.00136600399497237"	"88.1903608939418"
"11116.L29A076.1194613"	"0.00229827835804421"	"49.7854907819738"	"0.00476111621518813"	"56.0961364747037"	"-2.462838e-03"	" -6.310645693"	"better"	"better"	"260.1"	"6"	"66.8"	"0.85"	"Oh43"	"Non_Stiff_Stalk"	"0.00573224150168701"	"52.1228116307603"
"11116.L29A086.1194563"	"0.00200033979699436"	"65.9380817828943"	"0.00144172350871637"	"58.544652362746"	" 5.586163e-04"	"  7.393429420"	"worse"	"worse"	"260.1"	"9"	"71.2"	"0.03"	"NC358"	"Tropical"	"0.00121618853755922"	"50.9848188478646"
"11116.L29A088.1195382"	"0.00280120817268076"	"99.9992217463872"	"0.00286743326700442"	"99.997162037432"	"-6.622509e-05"	"  0.002059709"	"similar"	"similar"	"260.1"	"10"	"69.5"	"0.12"	"Oh43"	"Non_Stiff_Stalk"	"0.00282101798078605"	"96.7873547733763"
"11116.L30A066.1195554"	"0.00386846090405064"	"58.5255986510515"	"0.00277650617762839"	"62.773405963339"	" 1.091955e-03"	" -4.247807312"	"worse"	"better"	"260.1"	"2"	"69.2"	"0.47"	"CML247"	"Tropical"	"0.00830329931588523"	"67.3426677745696"
"11116.L30A085.1194785"	"7.18588321782671e-05"	"86.2754514470326"	"0.00046385782904959"	"91.8888969841891"	"-3.919990e-04"	" -5.613445537"	"better"	"better"	"260.1"	"9"	"71.2"	"0.03"	"CML322"	"Tropical"	"0.000874399180663573"	"91.0779442889813"
"11116.L30A100.1195675"	"0.000185366876889414"	"62.9124099991255"	"0.000296805490723619"	"71.4795534310162"	"-1.114386e-04"	" -8.567143432"	"better"	"better"	"260.1"	"14"	"64.1"	"3.31"	"CML247"	"Tropical"	"0.000526508351205397"	"62.007473035565"
"11116.L30A104.1198312"	"1.69987644793056e-05"	"91.0978044416081"	"0.000122684226125334"	"90.0065209273042"	"-1.056855e-04"	"  1.091283514"	"better"	"worse"	"260.1"	"15"	"74.5"	"0.01"	"CML247"	"Tropical"	"0.000987580784079986"	"94.4282717159775"
"11116.L31A065.1194065"	"0.0029640466675563"	"56.6277628853562"	"0.00161744919674521"	"56.6161132545007"	" 1.346597e-03"	"  0.011649631"	"worse"	"similar"	"260.1"	"2"	"69.2"	"0.47"	"Ki11"	"Tropical"	"0.00557851191132569"	"62.4892822399605"
"11116.L31A077.1195601"	"0.00409152857082932"	"55.6587685237369"	"0.0073172264675948"	"70.7535744289667"	"-3.225698e-03"	"-15.094805905"	"better"	"better"	"260.1"	"6"	"66.8"	"0.85"	"Ki11"	"Tropical"	"0.00840131365142742"	"64.2237655521367"
"11116.L31A083.1198378"	"0.00274781126063866"	"83.0491314738374"	"0.00307205784322237"	"86.6087803864112"	"-3.242466e-04"	" -3.559648913"	"better"	"better"	"260.1"	"8"	"73.2"	"0.09"	"Ki11"	"Tropical"	"0.00330214374914476"	"83.508552843294"
"11116.L31A090.1196724"	"0.000136123539768607"	"61.3073528690794"	"0.000218972530106894"	"59.9900040256077"	"-8.284899e-05"	"  1.317348843"	"similar"	"worse"	"260.1"	"10"	"69.5"	"0.12"	"Ki11"	"Tropical"	"0.000504831175118919"	"57.2283647489236"
"11116.L32A097.1196103"	"0.000150713296477708"	"55.7635279272799"	"0.000211481396723152"	"60.1202918365649"	"-6.076810e-05"	" -4.356763909"	"similar"	"better"	"260.1"	"13"	"68.3"	"0.07"	"CML247"	"Tropical"	"0.000642625561363736"	"71.0041911414588"
"11116.L32A101.1195365"	"0.000186724982494276"	"90.0727405662707"	"0.00016520940882688"	"88.939220356355"	" 2.151557e-05"	"  1.133520210"	"similar"	"worse"	"260.1"	"14"	"64.1"	"3.31"	"M37W"	"Mixed"	"0.000902118844108304"	"92.8484843217497"
"11116.U443A61.1194453"	"0.00309108782705392"	"70.7400352494357"	"0.00413148889170586"	"76.4725622104886"	"-1.040401e-03"	" -5.732526961"	"better"	"better"	"222.59"	"12"	"76"	"0.14"	"CML103"	"Tropical"	"0.00382206106766105"	"76.1997407860966"
"11116.U445A61.1194113"	"0.00134103357088213"	"73.7635934795256"	"0.000943881916563817"	"75.2546093666157"	" 3.971517e-04"	" -1.491015887"	"worse"	"better"	"222.59"	"12"	"76"	"0.14"	"Mo17"	"Non_Stiff_Stalk"	"0.00124347621797663"	"77.5943056662654"
"11116.U469A63.1193885"	"0.00180768916433075"	"69.8823791788125"	"0.00276167369334996"	"76.275536532151"	"-9.539845e-04"	" -6.393157353"	"better"	"better"	"222.59"	"12"	"76"	"0.14"	"Mo18W"	"Mixed"	"0.00243133660191349"	"74.9460707274892"
"11116.U471A62.1196833"	"0.00139456728703597"	"74.2021799494182"	"0.00294901510633375"	"77.7432249627116"	"-1.554448e-03"	" -3.541045013"	"better"	"better"	"222.59"	"12"	"76"	"0.14"	"Tzi8"	"Tropical"	"0.00230269628060831"	"70.5730172693931"
"11116.U473A61.1196997"	"0.000987874321371594"	"65.4874245883489"	"0.000539831739757327"	"68.6910129052473"	" 4.480426e-04"	" -3.203588317"	"worse"	"better"	"222.59"	"12"	"76"	"0.14"	"CML247"	"Tropical"	"0.000961498955135293"	"73.437492120479"
"11116.U477A63.1197639"	"0.0027067873104766"	"81.1576689967156"	"0.00363378485103342"	"84.4873167124322"	"-9.269975e-04"	" -3.329647716"	"better"	"better"	"222.59"	"12"	"76"	"0.14"	"CML277"	"Tropical"	"0.00339333707570878"	"83.8643502615187"
"11116.U497A63.1195824"	"0.00282483489989214"	"68.0985944211467"	"0.00347075022992839"	"75.0404187931181"	"-6.459153e-04"	" -6.941824372"	"better"	"better"	"222.59"	"12"	"76"	"0.14"	"B73"	"Stiff_Stalk"	"0.0033850795527468"	"76.6370878183225"
"11116.U505A61.1198401"	"0.00172375263466234"	"72.552649877277"	"0.00336653765787546"	"76.7029309750378"	"-1.642785e-03"	" -4.150281098"	"better"	"better"	"222.59"	"12"	"76"	"0.14"	"M162W"	"Non_Stiff_Stalk"	"0.00297594098832609"	"78.870241914026"
"11116.U519A63.1195852"	"0.0021472370446542"	"89.1425754745728"	"0.00269356296557222"	"88.3573968251373"	"-5.463259e-04"	"  0.785178649"	"better"	"similar"	"222.59"	"12"	"76"	"0.14"	"Tx303"	"Mixed"	"0.00279127028072182"	"90.2572643614313"
"11116.U521A61.1194655"	"0.00188432958625058"	"74.9841943731427"	"0.00353192534967736"	"80.1476799673123"	"-1.647596e-03"	" -5.163485594"	"better"	"better"	"222.59"	"12"	"76"	"0.14"	"CML333"	"Tropical"	"0.00301249594238693"	"77.6288363293495"
